-- phpMyAdmin SQL Dump
-- version 4.9.1
-- https://www.phpmyadmin.net/
--
-- Máy chủ: 127.0.0.1
-- Thời gian đã tạo: Th7 27, 2021 lúc 05:43 AM
-- Phiên bản máy phục vụ: 10.4.8-MariaDB
-- Phiên bản PHP: 7.3.11

SET SQL_MODE = "NO_AUTO_VALUE_ON_ZERO";
SET AUTOCOMMIT = 0;
START TRANSACTION;
SET time_zone = "+00:00";


/*!40101 SET @OLD_CHARACTER_SET_CLIENT=@@CHARACTER_SET_CLIENT */;
/*!40101 SET @OLD_CHARACTER_SET_RESULTS=@@CHARACTER_SET_RESULTS */;
/*!40101 SET @OLD_COLLATION_CONNECTION=@@COLLATION_CONNECTION */;
/*!40101 SET NAMES utf8mb4 */;

--
-- Cơ sở dữ liệu: `giuaki`
--

-- --------------------------------------------------------

--
-- Cấu trúc bảng cho bảng `atm`
--

CREATE TABLE `atm` (
  `id` int(11) NOT NULL,
  `qty_500k` int(11) NOT NULL,
  `qty_200k` int(11) NOT NULL,
  `qty_100k` int(11) NOT NULL,
  `qty_50k` int(11) NOT NULL
) ENGINE=InnoDB DEFAULT CHARSET=utf8mb4;

--
-- Đang đổ dữ liệu cho bảng `atm`
--

INSERT INTO `atm` (`id`, `qty_500k`, `qty_200k`, `qty_100k`, `qty_50k`) VALUES
(1, 1000, 1000, 1000, 1000);

-- --------------------------------------------------------

--
-- Cấu trúc bảng cho bảng `card`
--

CREATE TABLE `card` (
  `id` bigint(15) NOT NULL,
  `bank_name` text NOT NULL,
  `user_cmnd` varchar(12) NOT NULL,
  `blance` bigint(15) NOT NULL DEFAULT 50000,
  `pin` int(6) NOT NULL,
  `created_at` datetime NOT NULL DEFAULT current_timestamp()
) ENGINE=InnoDB DEFAULT CHARSET=utf8mb4;

--
-- Đang đổ dữ liệu cho bảng `card`
--

INSERT INTO `card` (`id`, `bank_name`, `user_cmnd`, `blance`, `pin`, `created_at`) VALUES
(10000000000000, 'VIETCOMBANK', '214312321', 430000, 1, '2021-04-06 06:50:07'),
(10000000000002, 'BIDV', '123456789', 7400000, 123456, '2021-04-06 23:57:52'),
(10000000000003, 'AGRIBANK', '123456789', 150000, 123456, '2021-04-07 00:08:38'),
(10000000000009, 'VIETTINBANK', '206211249', 1166050000, 1660, '2021-04-14 19:44:22'),
(10000000000015, 'BIDV', '044099000194', 380000, 234567, '2021-04-14 22:24:04');

-- --------------------------------------------------------

--
-- Cấu trúc bảng cho bảng `transaction`
--

CREATE TABLE `transaction` (
  `id` int(11) NOT NULL,
  `card_id` bigint(15) NOT NULL,
  `money` bigint(15) NOT NULL,
  `note` text NOT NULL,
  `created_at` datetime NOT NULL DEFAULT current_timestamp()
) ENGINE=InnoDB DEFAULT CHARSET=utf8mb4;

--
-- Đang đổ dữ liệu cho bảng `transaction`
--

INSERT INTO `transaction` (`id`, `card_id`, `money`, `note`, `created_at`) VALUES
(2, 10000000000000, 1000000, '-1000000 Nguyễn Văn B chuyen khoan', '2021-04-07 20:44:09'),
(3, 10000000000002, 1000000, '+1000000 Nguyễn Văn B chuyen khoan', '2021-04-07 20:44:09'),
(4, 10000000000000, 200000, '-200000 Nguyễn Văn B chuyen khoan', '2021-04-07 20:46:44'),
(6, 10000000000000, 120000, '-120000 Nguyễn Văn B chuyen khoan', '2021-04-07 21:08:23'),
(9, 10000000000002, 1000000, '+1000000 Lê Văn Truyền chuyen khoan', '2021-04-08 09:25:32'),
(10, 10000000000000, 300000, '-300000 Nguyễn Văn Tèo chuyen khoan', '2021-04-10 22:19:19'),
(11, 10000000000002, 300000, '+300000 Nguyễn Văn Tèo chuyen khoan', '2021-04-10 22:19:19'),
(12, 10000000000000, 30000, '-30000 Nguyễn Văn Tèo chuyen khoan', '2021-04-10 22:19:45'),
(13, 10000000000002, 30000, '+30000 Nguyễn Văn Tèo chuyen khoan', '2021-04-10 22:19:45'),
(14, 10000000000000, 10000, '-10000 Nguyễn Văn Tèo chuyen khoan', '2021-04-10 22:20:18'),
(15, 10000000000002, 10000, '+10000 Nguyễn Văn Tèo chuyen khoan', '2021-04-10 22:20:18'),
(16, 10000000000000, 10000, '-10000 Nguyễn Văn Tèo chuyen khoan', '2021-04-10 22:22:01'),
(17, 10000000000002, 10000, '+10000 Nguyễn Văn Tèo chuyen khoan', '2021-04-10 22:22:01'),
(18, 10000000000000, 10000, '-10000 Nguyễn Văn Tèo chuyen khoan', '2021-04-10 22:22:20'),
(19, 10000000000002, 10000, '+10000 Nguyễn Văn Tèo chuyen khoan', '2021-04-10 22:22:20'),
(20, 10000000000000, 10000, '-10000 Nguyễn Văn Tèo chuyen khoan', '2021-04-10 22:33:35'),
(21, 10000000000002, 10000, '+10000 Nguyễn Văn Tèo chuyen khoan', '2021-04-10 22:33:35'),
(22, 10000000000000, 100000, '-100000 Nguyễn Văn Tèo chuyen khoan', '2021-04-10 22:34:19'),
(23, 10000000000002, 100000, '+100000 Nguyễn Văn Tèo chuyen khoan', '2021-04-10 22:34:19'),
(24, 10000000000000, 20000, '-20000 Nguyễn Văn Tèo chuyen khoan', '2021-04-10 22:35:37'),
(25, 10000000000002, 20000, '+20000 Nguyễn Văn Tèo chuyen khoan', '2021-04-10 22:35:37'),
(26, 10000000000000, 20000, '-20000 Nguyễn Văn Tèo chuyen khoan', '2021-04-14 15:40:18'),
(29, 10000000000000, 1000000000000, '+1000000000000 Phan Thanh Tùng chuyen khoan', '2021-04-14 22:21:07'),
(30, 10000000000015, 500000, '-500000 Phan Thanh Tùng chuyen khoan', '2021-04-14 22:28:16'),
(31, 10000000000000, 500000, '+500000 Phan Thanh Tùng chuyen khoan', '2021-04-14 22:28:16'),
(32, 10000000000000, 1000000, '-1000000 rut tien tai ATM', '2021-04-14 22:42:04'),
(33, 10000000000015, 100000, '-100000 rut tien tai ATM', '2021-04-14 22:45:00'),
(34, 10000000000015, 50000, '-50000 Phan Thanh Tùng chuyen khoan', '2021-04-14 22:45:26'),
(35, 10000000000002, 50000, '+50000 Phan Thanh Tùng chuyen khoan', '2021-04-14 22:45:26'),
(36, 10000000000000, 999989000000, '-999989000000 rut tien tai ATM', '2021-04-14 23:01:26'),
(37, 10000000000015, 100000, '-100000 rut tien tai ATM', '2021-04-14 23:02:42'),
(38, 10000000000015, 50000, '-50000 Phan Thanh Tùng chuyen khoan', '2021-04-14 23:03:13'),
(39, 10000000000002, 50000, '+50000 Phan Thanh Tùng chuyen khoan', '2021-04-14 23:03:13');

-- --------------------------------------------------------

--
-- Cấu trúc bảng cho bảng `user`
--

CREATE TABLE `user` (
  `cmnd` varchar(12) NOT NULL,
  `fullname` varchar(100) NOT NULL,
  `phone` int(10) NOT NULL,
  `address` text NOT NULL,
  `avt` longtext NOT NULL
) ENGINE=InnoDB DEFAULT CHARSET=utf8mb4;

--
-- Đang đổ dữ liệu cho bảng `user`
--

INSERT INTO `user` (`cmnd`, `fullname`, `phone`, `address`, `avt`) VALUES
('044099000194', 'Phan Thanh Tùng', 949261099, 'Quảng Bình', '/9j/4AAQSkZJRgABAgAAAQABAAD/2wBDAAgGBgcGBQgHBwcJCQgKDBQNDAsLDBkSEw8UHRofHh0aHBwgJC4nICIsIxwcKDcpLDAxNDQ0Hyc5PTgyPC4zNDL/2wBDAQkJCQwLDBgNDRgyIRwhMjIyMjIyMjIyMjIyMjIyMjIyMjIyMjIyMjIyMjIyMjIyMjIyMjIyMjIyMjIyMjIyMjL/wAARCACWAJYDASIAAhEBAxEB/8QAHwAAAQUBAQEBAQEAAAAAAAAAAAECAwQFBgcICQoL/8QAtRAAAgEDAwIEAwUFBAQAAAF9AQIDAAQRBRIhMUEGE1FhByJxFDKBkaEII0KxwRVS0fAkM2JyggkKFhcYGRolJicoKSo0NTY3ODk6Q0RFRkdISUpTVFVWV1hZWmNkZWZnaGlqc3R1dnd4eXqDhIWGh4iJipKTlJWWl5iZmqKjpKWmp6ipqrKztLW2t7i5usLDxMXGx8jJytLT1NXW19jZ2uHi4+Tl5ufo6erx8vP09fb3+Pn6/8QAHwEAAwEBAQEBAQEBAQAAAAAAAAECAwQFBgcICQoL/8QAtREAAgECBAQDBAcFBAQAAQJ3AAECAxEEBSExBhJBUQdhcRMiMoEIFEKRobHBCSMzUvAVYnLRChYkNOEl8RcYGRomJygpKjU2Nzg5OkNERUZHSElKU1RVVldYWVpjZGVmZ2hpanN0dXZ3eHl6goOEhYaHiImKkpOUlZaXmJmaoqOkpaanqKmqsrO0tba3uLm6wsPExcbHyMnK0tPU1dbX2Nna4uPk5ebn6Onq8vP09fb3+Pn6/9oADAMBAAIRAxEAPwD2+iiisjkCiiigAooooAKKKKACiiigAooooAKKKKACiiigAooooAKKKKACiiigAooooAKKKKACszXPEGl+HLE3eqXaQR4OxeryHjhF6seR06dTgc1p182fEzWZNV8e6jvP7qyb7JCpAG0J97833H8R6U0rlwjzM7aT44bnlFt4ebZuIieW7wSM8FlCcH2DH6mo1+OEyxFpPDqOcZGy8K/+yGuK8G+D5/GUWpi3vvss9oqFMw+Yrlt2AcEED5ffr7UzxF4F17wlpsd7qs2nvBJKIVFs8hYEqSMhkAxhT3p3jexv7JW2PePC/jTR/Fdqr2U/l3PO+0mZVmXGMnbk5XkfMOOfXiuhr5K0zWLvQ9Tg1SwcJdWxLIxUEcggjnsQSPxr6yhlWeGOVAQrqGAPXB5pNWMJx5dh9FRNOiSFGyuEL5xxioLe5dmjV5EcsMfJ1LdT+AFQ5JAqcmrlyiiiqICiiigAooooAKKKKACiiigAooooAK8A8ReC5brx34gvL+U2ekRXRlkuNhd38wBgqKASxy4H+JGK9/rjY7aWz1GWC9bzl835C44KABlP55/EVnUqOC0OrCwU27nMeBLPTNM1DXLfw9f6kJLS4SG/WdI2G5S4C52dMhwSMfXpVz4i3WlzeH4m8S3N2LD7Six/Z1GVlKvgjAz039cj2rqja2dpFNJa2qRtcSmWXyYwPMkbq746nryaZJY6fqQaG+sormKJxIguIQ6ZwcMNwxkZPI6Z96x9o+bd2O1QXLsjxfW/h8fNDeH5pbu2+0JaTRyj99FI2OfugMmGU7hxgg8jmvo1VVFCIMKowB7VxmqiWVjDYfJM20AqOpyF/lx9B7V2EERht4ombcUQKWx1wMZrWnUcrpnJioKNmUNYIKRKPvsSAPyqS1sSFJnDAE/6vIKnHTPrWPqeu6ZDriQXGpWULQyIjJJcIpBODyCcjr+ldPSjG8m2TOcoUoxXUKKKK2OUKKKKACiiigAooooAKKKKACiiigArP1TTxeW7vEi/aQBsZiQOD/8ArrQrzTxH8Y9L06f7LosB1OTB3T5ZIVIJGAdp3dO2BgjBNJx5lYum5RleJX8St4m/cTaE1uxjBW5t7t5FGQRgqEIOeoIz2GB1qp4fl8XzaotxrLWlrYxqSY7Vpi0z4wA3mMcLznI5yoHQmovCni7U/FPiC/8At3kRXH2eOSCCCElNqs4ZiQSQcbASx+g7VF8SNRuLTREtvPaGe5kUHyQ2PLB+fJHbkAjIPI9a5+WSfs7fM9VSg487/M7+O90nQbIahrt5BaSSEPEJZPn29sIOSep4B/SsC/8AjD4dK3FtajVdzIyx3cNsmFOOGAdgeOuCK8MV50vHmllafzG3McEuzevJJJJ5NdlpfgHxbrIgZNK+x2s7AtcXJVNo65KZ3fkvNdUacYo4Kj55c0jB0fSb/VNb062snQXtxcgq85YjcuW3N1yPlJNfU9cd4P8Ah5YeErlr1bue7v3hMTyOAqAE5O1ByM4HUnp2ya7GiTuYzkm9AooopEBRRRQAUUUUAFFFFABRRRQAUUVQ12C5uvD+pW9kSLuW0lSAhtp8woQvPbnFAHlnxE+IMt5PJoWhTvHFG6NLqFtcDEvykmNSvbkZOeSpGMdfL5l3+Z5EZaKHBeRRkLuwACfqGx+NRbolSHfvFtkeeI1G5VzztzxuxnANe5+NvC+laF8NNQstKtBbw/aI5iN7OS5ZVySxJ6YrTRaHRpGyOO+EMqxeOYFUKwurSaKQEdANrflkfzr0r4r6ZFP8NtTEMSK0ASRNq/7a5/z7V5H8JXlX4laWoPytDOH47eXn+eK938bxNN4F11UOGFjKw+qqW/pTLPn3wY6xfEPR/LPH2pVBHcHj+tfSVfMXg7KeONGcnpewj85FH9a+namZjUCiiioMgooooAKKKKACiiigAooooAKKKKACiiigDhdW+GGhXWrNqtvbyJI5HmWkThIXGMH5QMjsTgjP83eNbgXXw4v4XYKwaGMn0XzFJP4KD+VdxXl/xTg1C88P+RotndTSSXK74rWNnYoA2chQcDp6dfzhtqa1Oml78Gn0OZ+EVsJfHcVyiEJFbzEZP3QcAV7d4mZV8K6uzfdFlOT/AN+2ry74L6HrNlqupXOq2NxZqltHFGk8DRlyzEkjd1wEH5/n2/xJ1q30jwXqO+5hS5lh2wws+Hl+ZQ20dSAG5wOM10FHh/gy0+0eNtKAJ3x3sLEDptBLH9VWvpKvnH4YX4m+J2nRFIysvndycFY3bjIHcV9HVE9zCpuFFFFSZhRRRQAUUUUAFFFFABRRRQAUUUUAFFFFAEN3Abm1khDbSw4Pv1/KuP8AG0l74Z8A6jqGn3Gy9hMXlSBA20GVA3DZByCe3f15rtqxvF2mtq/g/WLCNS0s1pIIlHdwpK/+PAUuVcyZcakorlWx4rbfGDxdaxAmWynI7y23X/vkirV18W/EEyWD6vomgXUcsf2q332znA3MmRlzg5VhXmol8y2DA8Fc/pXr1h4Tn8V/AnSIbJFbUrV5Z7YNgeZ+9kDR7j0BB9QMqueK3ehfMyrF8VjDqVjcLoGm29u0qieaGP8AeKCcMF5Azg8EnHP1Fe02l1DfWcF3buHgnjWWNx/ErDIP5GvkWK53wFT88Tj5lzgHvx6fWvpT4a3tpe+AdMNpK8iwq0UnmY3K4Y5Bx9c/QipmupM9dTrKKKKzMwooooAKKKKACiiigAooooAKKKKACiiigAoBwc+lFFAHyN4jgi0/xPrFjChjht72aKNMYwiuQv6Yr6G+FEgl+GWjEJtG2VfylcE/jjNeU/GzQv7N8ZpqcaAQ6lCHJ/6aphW/TYfxr0H4IXUtz4AeKRyy219LFGD/AAqVR8f99Ox/GtJaxLeqPOvi14Yh8N+Jo7qwtfI07UI94RBiOOUcMqgcAY2tj3OOBXSfAS/zJrunvc9fKuIoCf8AeV3A/wC/YP4V2fxY0M634AvfLgMtzZFbuIL1G3h/r8hfjucV4Z8NtXm0j4gaPLDki5nWzkUfxJKQv6Eq3/AaFrEa1R9U0UUVmZhRRRQAUUUUAFFFFABRRRQAUUUUAFFFFABRRWT4j1e40PR3vbXTLjUpg6otvADk5PJJAJAAz2POB3zQO1zgPjZoF3rFjo09jGZZreaWMx7wuVdQSeSOhjH51q/B3S7zSPBk9vfW7QzPevKFODlSiAEEcH7p6Vw18/j7xddTxzaZcmJpAY0e2MKQJkkAFsd8HcPmO304rvfh/wCGNe0S9vb3Wb97hrqJFKtIz4Kk4+Zjk8Mew696t6KxbSUTvK8D8Z/DO7sfFt7qttcmDSHJvjOEJaFslnVQox8pBI9iByQa98rmPGvhS48UWMMdnqcthPEWUsuSksbgbkYAjIOFPfpjHNTF2Jg0nqYY+L2iwWatdQ3U1z5jRutoqMpK9WBLj5eRg9+cZwa6fwr4lj8VaU+oRWVxaxiUxqJsfPgD5gR1HOPqDXP+H/hVoukhZL7/AImNxtwxmUeX+Cf45NdzFFHDGscSKiKMBUGAB7Cm7dAlboPoooqSQooooAKKKKACiiigAooooAKKKKACiiigAooooAKKKKACiiigAooooAKKKKACiiigD//Z'),
('123456789', 'Hoàng Thị Hương', 976731674, 'Đắk Lắk', '/9j/4AAQSkZJRgABAgAAAQABAAD/2wBDAAgGBgcGBQgHBwcJCQgKDBQNDAsLDBkSEw8UHRofHh0aHBwgJC4nICIsIxwcKDcpLDAxNDQ0Hyc5PTgyPC4zNDL/2wBDAQkJCQwLDBgNDRgyIRwhMjIyMjIyMjIyMjIyMjIyMjIyMjIyMjIyMjIyMjIyMjIyMjIyMjIyMjIyMjIyMjIyMjL/wAARCACWAJYDASIAAhEBAxEB/8QAHwAAAQUBAQEBAQEAAAAAAAAAAAECAwQFBgcICQoL/8QAtRAAAgEDAwIEAwUFBAQAAAF9AQIDAAQRBRIhMUEGE1FhByJxFDKBkaEII0KxwRVS0fAkM2JyggkKFhcYGRolJicoKSo0NTY3ODk6Q0RFRkdISUpTVFVWV1hZWmNkZWZnaGlqc3R1dnd4eXqDhIWGh4iJipKTlJWWl5iZmqKjpKWmp6ipqrKztLW2t7i5usLDxMXGx8jJytLT1NXW19jZ2uHi4+Tl5ufo6erx8vP09fb3+Pn6/8QAHwEAAwEBAQEBAQEBAQAAAAAAAAECAwQFBgcICQoL/8QAtREAAgECBAQDBAcFBAQAAQJ3AAECAxEEBSExBhJBUQdhcRMiMoEIFEKRobHBCSMzUvAVYnLRChYkNOEl8RcYGRomJygpKjU2Nzg5OkNERUZHSElKU1RVVldYWVpjZGVmZ2hpanN0dXZ3eHl6goOEhYaHiImKkpOUlZaXmJmaoqOkpaanqKmqsrO0tba3uLm6wsPExcbHyMnK0tPU1dbX2Nna4uPk5ebn6Onq8vP09fb3+Pn6/9oADAMBAAIRAxEAPwDwh7edLWOdo3EEjMqPj5SwxuAPqAVyPceopmSxU9wMeuatizLQzOsbuQVRVUn5WPPPBzwCMZB5B5wap4PrVEgDgD2p7yO0YQyExhiwTPAJxk49TgfkKQvujVWLNt4TLcKOSRj6nP503OOnFAwz0qTyibnyYsXDFtieWG+cngYGAf0piozRs424UgHLDP5d6aGIztJGRg0CDPtW1pER+ys/HzOR+QFZMce91BBwTj61urugsxa2+N+MySL2z2rSC1uD1K95ehJyUALAbeegqk15OzZJH0xTp1EbYAG4dR6VXcljnp7Um2CRbS95w6Dt0+lWFlVx8pBx096ycU5GKNkflQpsVjUizG25GKtgjKnHBGD+YpkwHlyAkDA755qJ54ZYgVBR8cnnr61X85uUc5HrV8yFYtGGQWEUpUiIkrk9C3fHrwR+Y9RVeNFkZg7uGCgxhQGBJI4JzwMEnvzgY5yHuCVRQMkgAAVLpsW+VpD0X/IpyWokXRCVUKBxjA4pjLirLL6DmkbHl7dq5P8AF3HXj8c/oKhosrz28sDhZY2RmUOAwwdpGQcehGCPYiinuFwOpY5JOf0xj/OaKkCawtWidJGiIBUsjEcEZxkevII/Cp5dDt72Pd/qpcffUfzFTWkYjQFsKpIUEnqa1oiMIuxVKrgkZy3PU5+uPwq0gOK1TR7rTgjOFeHGFkRcd/4vf6/0rNIKkhgR25FeqiNHiKsoZWBDKwyDXJap4Tfc0unHKnrEx5/An+tDp9UBy3UZpFGT7Vs6b4dvLucrNFJbxryzuhBPsB3o1grca1LHEkapGfL/AHaBQDnLcDAHJPTip5Xa7AfpFqZmWQ8u3yR7jkKvc/h+WfpzqS+TCht4iQqZBI5Zm6n6Yxyf/rkQ+eun2UcaMBcS/Kp5O0dM/wD1/fpVqIJaWS3FyoIAIVSeWOc4+nc+p9eo0VkrAzEubZtnmOAoIyF9vX6VnlCSOMV0d1G00f2iePa0xISMd+fp0+vf6YGXcxCBRgfO3Jz6VnIZnMgWmGpX6mozUAN6EGlYg9KO1NPencCXeXjX16Vu2Fv5VqOOW5/CsWxh8+7jj7E5rrUSMRuG3BgPkAHGcjr+Gf0rWOquTbUqMmCQRURGDVpkPNR+WP4hkEcYNDQFQrzRVjy8GipsBaur2282xsJZdgjkEzE/dU7eB+P+FaCSkjzEIkjPRgQRXG6oxfU5ypJG/aDjBwBgfoKSyeZJC0UpjIxz6+x/z2pqVmDR36yy7VG1iAOm3nHWrEbFnKbQXwDsU5bB749K42z8TT2zgTRiXafvKdp6/qPyrb03W7WfVbqUyBd6RrF5p2nAGW9uvvW0ZRYtUb3y7ctkY6jB61w2qWy2mt3QQt5bN5uW5ALLk/qT+XtXY/8ACXf2dq0ttPBvgXHK9RkZ6Hr2/wDr1zXiq+tNQug2nRqqSD5mVMEnP59MUqlrFIxLU/ab83U+PJTkgjoO2BWjCX1PUNxVhCgJdV42p/8AFc/mazNrsyQoSxzj1yeldJEE0m1WDdIJpcM204z1H4d+3r1rG4yS7dA53MrIFOwHCqAOBkDjHT68VzF3KJnLDp0J5+b3/Gr97e+avkoQVOGJHU8fyArNMLuQADj6VMmCKpBamMMGtZrQwwbmHJ6CsuXhqi5TjYjNNNOpO9Mkt6USNTt8dS20fjxXXFOMgVyGmqTqNvg9HBrvreKOQqrHAPf/AOtW9LYmTsZoiZztUEmnTWvlffBU+ldhe28Gk24iSFQ0iZcsTk/TjiudvrsT7SqgNzlh1JP+cU2YxqOWy0MplLNk5J6fhRUhJDdvyoqbGxDe6Ct7KZEnaNugDgso5JP05JPA71lPomqWzB44mk6kGL5iAO+B0/GuxEi84AI9qkBRiNqkcDqc845/WhRuW0ecum08qVJ6j0pVPOQa9KeK2uYnW4gSdiNoMig7R7dx+BFZ03hjTLlmKo9uScgxHIHHofz61Xs30Ecij4TJ4qQBnIboAvJ6cHr+lbzeCL8EfZZ4rhePlJ2tn8eP1rNlsniuWtZFMRiAWX2P9Rx+tKSa3BD7C2ENu14Tl2+WMeo4yf6fn6VNFp13dziUq2WOfmXHfrg/1q7a2sl7dxq1s7x4B27eAg9OnX/OeRXRXlkbqECKJIpExtXJCkD+EjOMVhKVjeFO5y8nhvEZUSsjnuR1qxYaFPHMomi3LxiQdKhaG6tddnlWSSC23MfLfgKOSBjJzjjpXU6LdrcQA8e/1qG2jSEIvpY5TWrJ0Z/lIVRxnp7/AOFcjIp3EEYPpXsGpW1vewmKX7p64785x+lcde+FU81njucKTkBhmhMVSk3qjjNtNYc1qXmlz2rMSAyD+IVmsOas52mty3o6B9UgBPAOePYV2Rk2AkMVIGBtHX/IzXNeHod108xA+RcD8f8AJroHbg9DmuimvdIZautUnuYIkkk/1a7FHes4SZ60xjzilAq2SklsSgg0U0cUVFhl2EnII61bUDg/pUMSl7YsFjHlsNzb8M2enBPOMHoO/Papo84q0ii0inbwatQx8/N8uPWq8cqhQCgBAxkZ5Oe/+e1WPN8wrngKMVaGatiwaVegya4O9jI8Qak7khWuXyW4GB05/wA9q7GByvzjOB1rHvoRLeakpwwmiDhT68D+gqaiugitT1e18PWumaRsiiXOOWxyeOM/hXFajH5VwwA716tdxgW20dhivO9ZhUTt7VxVFZnXRlc5iaIS9Rmkjt2t0ZwMD2rQt7dp7ny4U3sAWIHYVb1a3FraqhxuZcmpsas5K4vJSflrJu7y/wDJUocS7uRjg+gH+f6VsNEGbpThAhUhlB+oo2E02rXOSvL6X7OFnCiRkydvY+h/D8q58nk10fiGNIiAqgZ9KwbaE3F0kS/xNiqijkq3vZnT6LB5GmqT96T5j/T9MVZk5XOAMYHBqbHlxJGowqjAHpVeQ5Y9QM967YqyMWR4+anAUqryOal2AdM/iKTAh6GirLorENsVAQOFOfbP9aKQrk0eBVuPAzjkVUhDOQqgsfQVt22h6hOoMdpIMcNvIXn2BxVIsrAg4wMetTp7Vor4Y1U4xAp/7aD/ABqVfDOsMT/omfrIn+NaJCuiijngHpS+Urzq5AzitSHwvq7yKptQvIBJkXA9+tXD4anZN1pMlyy8OFGAD6A9D+OKUkUjvoLo3elQzkgtJErNj1xz+tcRrcUjSMR0ro9Bt7220Uw3SeWVZggyPu/h75rJ1HSrm7bbHeeQ3UHaGH0wa46i1N6LSORSS7sZGltnMbMNpOM5FSz6pDNZp9rLGZRhio+971navrE+myvaXVtHJg486LOT+B6frWdbXsF2+xJgSeAGGD+RrE7HFrVl5Vhll3RFiCOcjFSNbgDOKmtrXYwPaqmv6rDpNkzMQZmGI07sf8KdrkNpK7OJ8Uzq1+IQQSo5x2qLQLQmZrlh8oXC1VtLWbUrl5pHLEnc7muljVIYwiDCjgV0U4dTgnLmdxzuRjBqsTk1JI+eM8VGgBBJYDHQetdBA9RT92BTdzMxZiSx5JPUmjGTy2OtSxDjKSeAKKiJwetFSKx6bpun2thGFhjCt3c8sfxrVjuI1ON1cxqF68d0uzgBdtQxXchb7xrSLHZs723lV03DGB1NN03UGu7iUNhVBwgrFt7h10MNnmRyDTdFk26ugzwSePwrVCtodnDJuYj0wfzrk/COrK6tZOM5fI57Y/8ArV08LATnkcjAH0J/xFefQo+neMJl27VE7Y4/hOcfoRWVa6szagk1JHpzzZQn2rn9WmMY3oaum7BVhntmucvr0s5wcisJmlKOpjahFaahITcQgt/eAwazjodlGcxoT/vGtSe5QEkxjPqDWJf30hUqDtX0FY8qOxydrD7jVLXTkEO4vIOMDkL9a4nXXu9QupZvssxKggEITgD+lW7otLJsQFmboByTWrp9u1sitOct12dh/wDXrakuljjra9TA0mEQ2gPGW/z/AI1edjk56mtO50xAha1YY7xnAwPY1jy7kcqwIYdQeorflsc4xjzxSpUZ+9UidKAJAaGNJmmlqlgDHJ4GBRSZ5P8ASipA7K9YPNk9CaSJlGe57VFcMd9PtF3zqPerQXOkf5NLtY/ck1FpUmNXh/36nvSEtIgRySMfTFZ9k+zU4j6OK1QlsdZPfeTdFQRlW3dO3esvxGsdvq1lqJA8qUbGPo2OM/h/KoNRnYaiZB04xVicLqOmtZyZ8tgBkHkehpyjzKxUHytMuWcgnlJVgUKmuZuGmWR9yEDJ7Vb0iSezna1nBEiEjP8AeHYj2rrLe3jMeZYgAf7wrDk5jp51DU8wu79Y85ODWdtn1Abo12Rf89G6fh616pNoGm3MplayiOP4pF+X8u/41iapplushEbFnJ4UdT+FNYfuS8QnojjUtYbRSY1y56uep/GmNnO5q2b7Tms3CS8zHnyxzt+tZ0kDHDMhH9a0UbGbdyCBHLFz0PSrjRx3MYjmQSLjuOn409bR0iDEHmojujUntVmbRkX+jFJS9nhkPPl5+Zf8f51mLlcq2QQehHeusRsAHoxHX1qtqNnHcxea2VnAwpH8XsaiUeqFc5wtTc0j5V2UghgcEHtTSc1ixj880VGDRUgdlLywNWNOTN5GPU1WY5ArQ0hc3iH05q0LobGq/LHCKyVfZcqw9a09VYlYsVkMfmrW4RNO6fzGD+orW0NBPCdx5U8etYKsWQZ5rodEgljhLhSN3Y1aB7GssES6gk3lxjahCkoMg/X8auMwVS7Dn3GT+VVbSCRX82faMA7VAHFVdU1ZUUwwEFjwz+lUTqynqOryEtHEWXnBY9fw9KmsrZNP086hcKGuGGYw3b0qjpNr9vvwWGYo/mb39qu65cebOsCH5U4wPWgryM6xtftks1xN8zucZNMutLV592BhRwPetexhEVuCB1q/bWSgeZKMk84NMlvU5G/sykdvbovzsMkVg3cYa+Fqh4Q7SR696765VENzfyD7owgI71x9lZmSYu33yc5qWUnoVJ7fbcBBwBgVRun8yfYuNq8Cty9XZ5056AYWsAqUiMjfec8f1qGwMTWYts/nr91zg+xrMDVv3UP2m3kjxlipK/XtXJw3SP3wfSsJ7gXt3NFRhgfpRUBc7NWzW1pAwS/4UUVaEXNTf90g96yx80gFFFaDR0GlWquQWwea6WLCqABRRWhJm6nqTqxgjyvq1YMshZtoooplx2OptYl0vSSyjLsMkjuTWVBH58xkc96KKpEm/BEAQT2FWGbINFFJknO+I7gpbrCowves7SI/NSaQn7oAx9f/ANVFFIr7JX1iEPJb2qnAc5Jrm7z97MQOFThR7UUVEhohMGxDk/MwwPauC1XT/s+sSRxlQjL5gA7A9vzBoorGoAkTunyk5xRRRUEn/9k='),
('206211249', 'Nguyễn Thị Minh Huyền', 93474952, 'Quảng Nam', '/9j/4AAQSkZJRgABAgAAAQABAAD/2wBDAAgGBgcGBQgHBwcJCQgKDBQNDAsLDBkSEw8UHRofHh0aHBwgJC4nICIsIxwcKDcpLDAxNDQ0Hyc5PTgyPC4zNDL/2wBDAQkJCQwLDBgNDRgyIRwhMjIyMjIyMjIyMjIyMjIyMjIyMjIyMjIyMjIyMjIyMjIyMjIyMjIyMjIyMjIyMjIyMjL/wAARCACWAJYDASIAAhEBAxEB/8QAHwAAAQUBAQEBAQEAAAAAAAAAAAECAwQFBgcICQoL/8QAtRAAAgEDAwIEAwUFBAQAAAF9AQIDAAQRBRIhMUEGE1FhByJxFDKBkaEII0KxwRVS0fAkM2JyggkKFhcYGRolJicoKSo0NTY3ODk6Q0RFRkdISUpTVFVWV1hZWmNkZWZnaGlqc3R1dnd4eXqDhIWGh4iJipKTlJWWl5iZmqKjpKWmp6ipqrKztLW2t7i5usLDxMXGx8jJytLT1NXW19jZ2uHi4+Tl5ufo6erx8vP09fb3+Pn6/8QAHwEAAwEBAQEBAQEBAQAAAAAAAAECAwQFBgcICQoL/8QAtREAAgECBAQDBAcFBAQAAQJ3AAECAxEEBSExBhJBUQdhcRMiMoEIFEKRobHBCSMzUvAVYnLRChYkNOEl8RcYGRomJygpKjU2Nzg5OkNERUZHSElKU1RVVldYWVpjZGVmZ2hpanN0dXZ3eHl6goOEhYaHiImKkpOUlZaXmJmaoqOkpaanqKmqsrO0tba3uLm6wsPExcbHyMnK0tPU1dbX2Nna4uPk5ebn6Onq8vP09fb3+Pn6/9oADAMBAAIRAxEAPwDlp72eaR1RSInGUyi9T0XPPIzjI49KypriJplm5MAbOFzgrnsW7/T8Oa63StR060n2z+XHPOQCrnBLdMAHv9K57UtNv77VbjyNPmIDF93K8McgAtheDzwf4unFYSjc2q04Q+EpW14ssnnLCEY8oFJJIGAcDOeefXvWxfXit4dgeCd7RinlR3RGTGTjOWHIDbQMjpnOO4lOh6jeWlnHOsMBUfPmQs6jkY6ENx7/AI0+38NW1mZYZ9UbD7fLRdqkAAjOGzk444AHHSiMHFmTktkc39j8Ta9bzWE1w+LbLmKQ4Ulj6j72SDg9Bz0q6+i2Om6IL77eXuIyPKt1UFDIrYIOM7wcdfl9xnity5utM0uMXMcjy3SRlEDMyb/XcBgEZweBx7dvMdSv/tsxcKq5OW2DAJ9h6cA+uSScnmrSLVVr4dDV1rxO2qRJhGSTADYI2cFv4cdTlcnPO3kVgPMztksxHOAxzjPX9aioqzNsuNqVw9sLdmUxDopUYXp09Onb1qr5jZzmm0UCLMF5LA25CudpUFkDY+mRwfQjkVs6b4u1KwmmLzeYsrF2VxnBzk7eRt6n1HtXO0vX60xNJns2heJLPWIlUTILouw8snBbHOV6EjHt+A6Ddz81eAQzyQSLJG7KykEEHHIOR+oFeteFPEaa5ZCJz/psIHmqSMsO7gccfTp+WaTMJwtqjon+9uyDg4Pt/nirVq2VZcDjFVXAZMcmmbpGt5khOJHiZUYEAhscY/GqRD1sU/Emp3v9j3P2XSnurNkIefIIA4O9V6kDrngdxkYJ8suSPMZ1IIbkEGve5PIks8sY3t3TnOCpUjv2xj9K8DmEYVQiSKgLBVkIDBQTtDe+MVCeptOFopogbDNjPTvRSE7WJUjFFMjU9Tnuv7OuMLaxCB90jOGC5bJzxjnnHPv+eZLrt5K6Rqyw+r+Vgc9vm/pWtIIL3T1mWMyGE4w3X3znrwc//XFZcfnKMpFFHu5bqef0rOxbmluR+ZcziZZHnlI4KdA30zgEfSpjaFAMMI4sDJz3+nTpmniNicSStjPAU4x+X9alleGztprtkzsQuWOMn8fqf1pcnUSrJuyRw/ii4dZ1tWbcUA+7wMeuNx569eR75FcseTWhfTtPdzTMRuc5Ygg9R04/pWv4a8NPqxMzYCKRzxz7UnJRR1Qg5OyOejtZHcJtOSM9O1S/YJPs5k2EbWI5rvJ9Et4NbhSTCrJCQqKMAbef6/pVS0tFa91GAv5bCQsmADjBIz/nvms3VZ0LDrqcOYvlBweRkcVHit+709Ybm4hhXAVxJyACitjjHsTis2e0eN2yu0Z4B44PStFNMxlSaKPeinOuD9abVmIvUe9TWt3PZXCXFtK0UqHIZT0qHoaCMGmB7R4c12PXdLWbKC5Q4miQnCE5APPYgZ7/AKVokEqyAlG5+YYyPevFtG1WXR9Tiu4snbkMm8qHU9QSCPb8QOtex2V9DqFnDdwEmOVAwJwcHuDjjIq07nPUhY5LRNev9X05bCS9uQ0jMJY4k+Y8nhQoyoIz9MYwB1x9cg+z3JgME0BjVQI5xhl6jt17nPoeOK29GjlsviNqOn/aDHDqCuzkrguGUvhfp83PTj8KTxpbXE+oXN2CTbFkO5WyozGo69M5Xrz17cVz25Z3uejKcZ0OVK2n4p/5HEO3ddoP40VFIff86K2OFI9c0m4C3vkHIWYfKMdCMn8O/wCVQ3MH2e7ePBxncv0/z/Ws27E9ojXLcLEdytkHkcjAHUcEnjsT0rb1LytS0+zv7U5FwwjGQWAJzgMVztw3y/U4JFTcyUJSja2pTDKDnn3rO8QXgh0wxbx+8GGILcpjJHB78ggnkH6VdsoJbuVIWQqbhWaByxAYDuflIz1BBIxjqciuf8Zs1usVn56SblG9Yl2gbAATjqctuGT3UgVHOnojpjhKlP3p6HIpD500SjJZ2wSec/54r1/w7YJZReUi7VCrgD6HmvM9HEE+qwm4lMaxBQNw5J9iPf8ASvXdNmhn/wBVIrjIGVOeCM/1rOpqzuopKNylq8cEU8Esy4HmqmR2znp+IFVrqxEeqrNtjCyRsq4BDE5yfw4FbGtWgFsZzGGMbCUDGclc4qrdwebLA5Odjg7h345rNo3izk/EVstu0U6qdsg8qRQM5GSQeeM5zj9KxLi1WWVA0W0yAiR1HOcFwuCc9vyrvdZsHl02QQp8/RecYyOv61w1xNClpBO6FwjBtqtjnPP1PbHvTV7kytY5y6tzEwQ8A8hvX6+lUCpUkEEEdQe1bmoLCImjjZSqPkc9AaxpFw31roizhqJJ6DMcYo6ilHBoPBqjMSup8H+IRpdw1pMAYZmGGJwVbp1JAC8kn6CuWNHQ0CaurHe+ODdadq9jq1pIyyiJoQ2wEJjPrkHIZuMdq7V4oNb8FF7e1iZ7i0WRI426Sbc4z3IYnr1Oc9TXlU+tLf8AhhNPuAVmtXVoXUZEigbdp5+XAPbg49eT1vhLxfp+n+FYtPuVY3MczQLChwzhySG5xgZJB54wPUU7Ju5HvJJHBStmRj1ye9FS63AtlqUtosiv5R2kgg8/h/njkDpRSKsegarJM5k062tri7uRGTh4CWZMMPl28jnjoQcnsa0/C4uZdOudG1e3MDbfMQOQWVWz2wdrBhuG7nnOOK6a4ukKlI2Z167F+VePpgGs6OCeRNkG2CMHhYk4BJyfoc9fxpW1NWrIxVsLwoZZraOOTyh5iXE6iJyQw5KAsSoJGTzk5zxg+ea7cvNqcv8ApDT+XhUdyckDvz+P5mvUtR05bPS7m9uo3fyo2cKXJbkDg4wOvcYx27V49w0kh3AbcsOep7Y/HFSopGs606itJnXeHfDJv4lumkJGQVGOCAcfyruNI0d7HasZO0KB269/SuY0rxAmk6Tbp5LyyFNxWPkoB1JGenv+NdlouoyXtpBeRwv5Uybs7CPr16/h/Wsea5vyqKsaxtftMZjlBIKt2/z61C1kXsgZ0yQoLYGOQe35VpQzKVBB696W4kQp6DHSq0YrtaGLe23m2zRqSVcEZx14/SvPj4OuZrm5iUuuFDLv6fMCePXBzXp0ciFj045NYmk6+Neurj+zrdvs8R2/aJFIVyD2P4g4689KS8huyWpwUngmXIbz2CsCQdvI6ev4/wD1q5fUdNlspWjkBDYJGMEZH0/GvWdT1VtOnWK/gCoGysiqdp6/0zXO+KNOjvLLz7eISNG+QAMkA5yPxNJVbSswdFSi2jzUjIBpCcrnv0p7rskZT0z2pgOCRng9a6ThE7UUdCRR0+hoEAJB4q1a/Z2iuBLHltm9JA+GQjoAOjA5GR14yOhqqaAcUADu8rM8jMzsSzM2SST1JopDRQB9MC1i/iUN9eakChRgD8KXNJmqIbOV8fzuujRWkIJkuZQmAu7I6/z2151/YNv9khUavELkt+8RFBVTxgBt43YyecY64LDBru/HNs1yYCxZo0wqKo/jYnqc57Djpwa5bTbeYXK2wXISUKAqlcHdnt6/l+mOerNrY6acbpHSWXgRTZuLfVjI6puG+2ZI3U5zhskjjPBHPTpmt60TU9P02OwM4URjG7YGYj6kc/X+fWpdPtZliBO4kKOTyRn19q2VtpLm2WNgqvGAA5PTJ7/7Pr6dfUHnu3sdj0+LUybWR4ECySs5GSWYYP6VHcah8xUflViSylKEo8PPPzTKv8zWLNb3ImH7iR1LFQyLuBI64I4NUm0h2TZKUl1CG4tkZkWWIozg/dB4JqXRvDUPhuCQ2WrmZJU+78oIPB6HOCfb6Z4q00UlpIbZFI8t8SEDhmGe/t0//XVy3eYzwrK7lVOMFiwUH09KnntdClG5zGq6Y+pxSLdXhZiRtDp8gBPJOOmB6DmuZvbK90uN4SXxjIXscHII7EZHbgiu/vbZopXRtwK8YzyKz5rBJ08mQqqM2dzZ+Q9MjH6+uPUAjK7b1Nk7LTY8Xv4hHOwU5U9DVTrx6ciug8Rac9hctHIhSRXKMrdQR/WsEfKeOSOQP516FOXNG55taHLNoQ8qD3HBpDgjipMBTkZKMMHFMXg4P0NWZDfeilIwTScdDQISilIooA+nDSHpQaazfnV2MWznNcgWbW9OWY7UlJiDCIudxDYAA6nJGPfHSmvpdno802pyh723yruluQ5QhgG4BHygNkE8evUGk8YxGbRyykAq6nJPHXHfjuao+GPiCrQHSvEe53bEWZOlwN2MOT0cepIVhncQRlsprU6qTvFHd2urWctojRW7IuOAMHI9Pb8qtSXUcbK8J3kDlj/EMcf5PeubsvsptfMsGLWROYck/d7YJ6jHf/8AXVqOYkhU+bjPH+NcTnK9md3JG10Xb6KS5Z5nIyxz0HHtXL6gstncxXcKK0kDrIoYZBKnIB/KuogvGclJCucc4/z0rI1GbybrEgjNu3UFTk8euePyrWSTQQ0dixo+p2eo37xtlvtDNJDIw+ZlLHG7OMHoeM5/n0TWURRo2UKhBIPQD17c9QRx61xiqks32+GR2kiiCMrYB2rgAjHYADPfjOSM46dtQa9QOcAHnaO1SpW0YpQ10KuoRiVI5DIDKPkf3x0IH0rJkQDjGfetSZhnjBqnJHuUO+QgPbqcdv8A69ZNXehotFqcN8QES61W5kMEMbCaQblGN3IHOP8Ad615nIpDEL/Ccj3r0zxjI0kUsjt8zEsTjqfX2rzydTvSQgncgJyc5z/9euukc1eKsirEQrFWH7tuv9Ka6lWPp0PvUm0bWU9QeCOcj/OKaw3Rhudw4PHFbHINVS4xwCOlMIIPIp4ByABg9MetKQrKTzntgUAR9sHp2NFGciigR9LFx06VC0o9f1qs8rFiB0UZb/Cm/wBnvJ8zXVwpYZESbSP5Z/X19q050Y+ykyHVQLiymgDJuZCBu6E4PHv/APXryPWrdmH2nChgwVlBwc4649O3/wCuvYmsGW3KtksFOFQ7c8dM84zXnes2u4vIEUBhk7hzg9cYGD0ODnvx2rCUru520qaUXEf4B1drPVUgdj5cvy55xuHIz744/wCAV6xM6+WXJA4rwqyUWl/HEzeXDK4xJIP9UwIw3pweD7bh3r2DTLuPXdDSQFlbG2RM4ZSOoPvUM2j5le6uV3FY7gRt65H8u9Zs1xJPtD3Gcevf8KdfeHpMBhI7Y6Z/n9ayP7HuwuFZwemN1YO57VKhQlC6Zv6exVxtbaw9PWtlVw6ltycYbyzjf0AznPTHb8c1xUGnaqjqIDIqDHNdlaeZ9mRJjukAwW6ZNNa7nFiKapy91lkpCWVlD8EZ3NnP6VBcPuXGeg2j2FPJ2+tVLmUBT61aSWxzN3OJ8WsfJbb6da4OZSIgSMcZAH55/nXour2T39vNIrIVjO0g8/NjIBx9c1wl9a7Y0jPytkLkj6+lXBW1M6rvoZhjIZ1IJ25wF9KiAy5UYw4J5HJ74/SrsamS9zMAS5+ZT657+lVXG2VQgBKNtBA689cfjWpyshx8vvjnijnP19qeBtcrnvjj/PtUZGDtPXmmSMYYPWinE4OD29aKAPpOCzYHc67RnncMH6j8fWpnlhi+WNd746L/AI0y4dsOWLyAZKxRfePoPSqdteSz28ckdubeObAG8/PECB98YwGDZXGT0HrgSaE8v2gW8j74UlK4iDDgN2z6jNcRrdhcWlrHJd2SxiRynnKF2jHGWwOrZ4AY8E+mK9BtLSRJSxDOT0dmzjJ7elM1y18/SLmGVQ8UqGOUZxtU8bl68g4I/wDrUnG+rKjUcdEeH6hbPI37xlXIJWNe2M5/EDH1Fbvg3X207UhFPPI6S4jdMcEAYVgOu4AYI7gdyBmqbOZ/PspZDJ9nkKpMvPydQcdjg8jp2FZz200LOVDJIVwBgcr/AJAP8ugqfI3t1Pctgki3DkHvVcwurZHT6V554a8d3Vqq2N4huIwAA5b5gPUnv2HbpzXRJ8RfDskrRtdSRgEqGaIkN7jGeKVrjTt1OhYcdOfpVdnCmn+ILxfD+ltf3cMjQqQG8vBIyQB1I7kVQ0bW9K11Ga2mPnLktC4AYDpnrgj3BNS4tApJ7FhnJ9arSxSz/KnDE4HOOe3NabQjPSr+nWe0G4dcZ4UEdvWnGN3YUpqKuYN7YRWlhHbKBhQcn1Pc/ma8y8TQql0TCmCPmOOMcgdf89a9o1G0jmUuxxtGeteWa5pwlto7xZH8i5uBCJGfIRFz82ABkFs9v16btdDBO+rOGBJumLfMRwWz1989zzVeV8ocY4c8D6irN0BFcTRxOJI1barAdQMjP04quwZo97FSXJJOeeuaEZyK+cKeedwP86a33yfc1LMwZl64HQnv2/pULZDfWmSITRQqlv8ACigR9SQW4eINEcIBgH1/xqcQRxncfmbgc+lUdNu7dZGto5VJJ3cNnt/h+FaBYlunA70ix24tjb+tRXUUdxbSQyruVxg+3/1+4pzAEfOARwefbkVXkvFVtqjJ7knAplRi5P3UcNo9nHaX1xazRMZImAKhCN3JBbnn375BzzmruveHbf8A4Ra6vIYTvik3hFUk87QeB0OPxOBWxMtqbwzFF+0uvJCAZwOvHsfr+VaunJFqGkXOnzsQZUZXCkEqGHP48/yo5Tqq8ygmeDTywRr9oQESrgkFRhuxPX07e9Y96fOuWlC43YPStDVNOn067uLadQrROY2VW38g46/nVFHMKDJ3LyhwOg9f1oUbHLKbke++C3TWfh/p8V1AhjMBtyjfMCEJTn6henvXGXXw2urHWlk0/UJLZPNLRyBclB2GSe3T1q78Ib90ttS0uR4/3bJPEpPzsGGGIyeVGE6Dgt7ivQNcvRp+gX99hS0Fu8ihjwSFJA/PFDjcUZuJn6TpNzFbxnULz7S68/KgVWHbI5P61qvknFea+AviJHPAmla5cpFLEuIbuVwFdQPuuT0YDoT1+v3vSt2BzTSS2E5N7mXq9vcXVobeHH735HLHop4rgfGdq6kW9k0gt7O3KvGy/Iu4gZ545ywz6K3Xv6dPIscTMFBfHAzjJrz/AMQQfatAvdQ84RRtLuUkHkKdnABP3myen8XPSkwTPJLxyZzCi4Hf0HXP6k077LLMgWOIsQu4lV7Duf8APSpHtwsjPIxXfk4G7p3zn3rvPCGp2mjLLaXkQtjeYNvdSxHYRyuGyeVyAOOOWywxmkDPP7LTkutVginkaO3aUK8nC7U3YLEngd/p71b8ZabBpXiCWxhDholUSBlA5PIAx6KVHuQT3rvtdvtLjumtPFHh91lViEurblJc/efIKnj5crk8n1xnzHVxaDVLhbAk2iyMImJJymeDk47ew+lMhlJRgd/wopOvc0UAesreT2kgmgldGHoa6XS/FkjAJdRb8jIdQAR9R0Pb0oorJPU7OVM6Gd18ve5YjcFx9Tj+tV53SCcwGNT5kashxnksFOfzH60UVubrRaGjZ2SFFMiKfRc5Hp6VLa23k3ry4RVyQoUDJU446DHP16e9FFBxVJy5mrnn/wAWdBj8mLV4iFZmEcoz944O0/kCPy968lRxIuxs4IwO+PSiimjI3/A3iaPwxrpuLiJpbZomil2LlwvUbckD7yr17ZrofiN46fUrY6LYxvFbNg3DSAbpMEEKOuACM56n27lFIDzIEh677wr8SL3RreHTr6H7ZZR8I27Eka8cA9CAM4U+wyAKKKQj06fUF1GwtJ4C8cd5Esy7hyIztyCAep3gdeOefXyLxn4tOvvDBZJJDp9sAqpIxDOSP4hkjjbx3755wCigZzkissAQEZcgewGSB+td/pnjYwImmX9ol9ApSNBIigrlQBzjnABHTJyelFFAM6qNtJ8Q+A5TFaTfYYY28qOZ/wB4hUZG1juxgnAPYHGMcHwuY7pHcjqc0UUCIyAM5GaKKKQj/9k='),
('20665', 'puw', 236555, 'dl', '/9j/4AAQSkZJRgABAgAAAQABAAD/2wBDAAgGBgcGBQgHBwcJCQgKDBQNDAsLDBkSEw8UHRofHh0aHBwgJC4nICIsIxwcKDcpLDAxNDQ0Hyc5PTgyPC4zNDL/2wBDAQkJCQwLDBgNDRgyIRwhMjIyMjIyMjIyMjIyMjIyMjIyMjIyMjIyMjIyMjIyMjIyMjIyMjIyMjIyMjIyMjIyMjL/wAARCACWAJYDASIAAhEBAxEB/8QAHwAAAQUBAQEBAQEAAAAAAAAAAAECAwQFBgcICQoL/8QAtRAAAgEDAwIEAwUFBAQAAAF9AQIDAAQRBRIhMUEGE1FhByJxFDKBkaEII0KxwRVS0fAkM2JyggkKFhcYGRolJicoKSo0NTY3ODk6Q0RFRkdISUpTVFVWV1hZWmNkZWZnaGlqc3R1dnd4eXqDhIWGh4iJipKTlJWWl5iZmqKjpKWmp6ipqrKztLW2t7i5usLDxMXGx8jJytLT1NXW19jZ2uHi4+Tl5ufo6erx8vP09fb3+Pn6/8QAHwEAAwEBAQEBAQEBAQAAAAAAAAECAwQFBgcICQoL/8QAtREAAgECBAQDBAcFBAQAAQJ3AAECAxEEBSExBhJBUQdhcRMiMoEIFEKRobHBCSMzUvAVYnLRChYkNOEl8RcYGRomJygpKjU2Nzg5OkNERUZHSElKU1RVVldYWVpjZGVmZ2hpanN0dXZ3eHl6goOEhYaHiImKkpOUlZaXmJmaoqOkpaanqKmqsrO0tba3uLm6wsPExcbHyMnK0tPU1dbX2Nna4uPk5ebn6Onq8vP09fb3+Pn6/9oADAMBAAIRAxEAPwDkYWWRwiht2c8jFdHfK76rcF5ZY9s22RxtDbQckglgM9O/v3rnLZT9tQErk5HoOnvXRTTs81yJfMZjnPyqemc47/e/D2PUeZN2ehWcSaUPn+hGnyeU5IKhwVRCDuOOfToWUH/69NUoWDTiSVgMg4IPoVwcN9Tzx2NMeCVoyrY+Zd3Awc56bwOhx0/L0qKKGaH93LFL86l5GkQYHfGM49fTOPyS7nhb63HY8uTaQoWMg/MMbMY53A9fpxyKcm26mhEITcE3syyFgAE+Ykc8ADGOTwOD3jmR4g5eAx4wwZVAbrgZ7dMjHGMZwe8+kxGHUoZAyokc3mqXdUCY5JySo42k4yPrVxY4NN6s3pLO5e1trd3gjiyIbkBlLxvEWwOT7MARyVQdBxWpc6vd2lwsdlaoS8KyRz+btjcHzDkjAUY+Yk5+bKt7CxNFBKNT2WdqHExlidly0rct8yuBypBADH2+Xg1my6w6wql8txBaIkiS7LhWMk2wo6uBhsbvMAIbGdvTjG+t9z1YtU7c3Uxru2vr2Bo7m8tkt3O+Zz+88iSRyVjYk887QeOMA5wvKzS2MWjNbT3dvNbwKjq9qD5rTZb90M7vlXBJPIy3GKlur3R7O1gSIpLbSH7THG1uZoBISVLsGZX4YyDkN/BjkAHkWK+bsuIo9seUYD5DuAwBwR9P/r1Mn3OKrUXNpqdlo9pbyaf9jtbtnTzY3kWNiWkkJjDMGIXaoZxg7Q+Uzk9K2Y47dLu4u7oSeWriVroqTDGJGQgZ43HATkDCgnJPJPA+dcGKMmVUeMiSIsNrgIpIOQ2BjqOcjPXABrppfEz6/Y3EN151t5S79iJvedCfRSoBUAMw3YwWOMAYqMk0VTrKUXobT2V3cWV5NdS28ZeSOQTWsWDCVUHcQ2DtC7upzySBnAqtqttNdG3uSPLVIeZ95DqcMVjIJyMNw3OSccg8VFBq97b2jwXNzCYIJQiLIS25CwyfM3EABXyMEkAc7QK0UvXv2ht55fKumIl2wEZEqFmOWYYA+UEA8HaOQCSaW1mdE5QmrbHHain2aXUIFmkfyXZFBQ7gd2ec8diPzxjiqP2m5yXUuysMlxkDjt6noCT/APXrR8RTu+t3KvNHKgfZ50ThVfBDDO0Y3evTkH0FZrQMI4mSNmcNlCyjnpkc9uD+PXFYSaTPMk0p2JRqV2Qnl3b7F4RpFPfjB6ZOenX9BS3upXNzbPDNOrhzyke7gEj5cZ5wfzJ7cVRmLRxSlJ4A/l4Dkc5Bwfx4HqefXJpAitGiliZQcNu529+T9Px/Gofc0jKa1TMWZfLldMfdYjrRUlzue5kYLgbiBjn9e9FaH1kJXimaVtAZbxwAQ20gfXpWtcWolmkZg8kgleMLhmG05xyfmyeOgBwfrU9hpzx6zCxQpi5VWU8bfmUjvnkZ/LvSXV+8tsA8oVUdjsKZYbipPJGTnrg/XtWcn1PLzWVlH5/oVWaKSc+VHszg4Z3yCTjkcMOck444HIB5piUxIsbBohgyADON3OCQevQc47nr2JPORkg3FVG0klT936kkHjpyR/QmiijnY8uztsBKnByCuSR1A7kHqaSWh4Vla76i3F1cLObfyTHhCWUOBkkHuT83b8vY1oWEzzakqRYjYsvkuDhRIpyrFgCeoA7Y9Rg1XN0llcJNEXS52/uo2RXjk5zuIY4GAcA4I9AAKu6hpsGrXdnH9ols7O1t3+0CPJdAJH2r90HIyQc5xj0OW0ilozehRdWUVFHWJYHTLm6vBe3Zh2yu1vcjBmcKwYhwVH8JIJ5xg8Dk814pZpNRt5pZ7eaRlB8qOUFUwFOSr5O088nGSD061Elzc+H9Qj0w6jJe2DIXi3k+ZakjZk45H3wRwe4A55qahuHmKZ2bTLGZoYmIQoG3DO0gjc3zbvUjvwSNpWex1YlNfun0G2Om6nq0d0+l2qyyR+WXDqEZdxZsjL4Jxg45GcHg1HeWt/pU8gvLYx3EgyqoNxeTGN+QMDOTjjsR05rY0MW0Xj61htbgXMCvKkc55B/duSE5PA6ZHUYrE1xwPEWqSOsZC3EkY+b5i4c4ycZ5C8duKwatKxyyopU79b2ISrxyRtGEeJQsakcl+vbuBnIHOM4+jrZxp8JaFo1kVd68lW3dxuzjrnHPBI75xPo+npeXNnYSak9mGbbHcLHvPmMeB2KDseeSBwBzWlrWhWui332W31bzLwOXkjMLKIsqCrKCTk85yM/dI4oTSdiPZ+659EGn6lIpg0m42GxkYw+ZbyruiUsq5xjoSGJBBDAjj5Qa6O4XVHmMmnxhjNJ9nC58t3DIGUncpIxGo54IKkZzxVXTLWwGg2mrSrGRYGRjLG5AcoWPzcjDFgBzuJB7Zq3pWo29zZw3jRW9xJIyAloiiRl9xfcTnexIIAGcEqABya3UL2uddNtQt3Oa8TX1t/azpHMJ2dGd2jUZLbjlWXooHTqeBn+KspJEiuUCpJEhORlsp068DrnIyOeB14ra8VWJfUvt26cS3T5RZhlsbVznsMnjAIwMDjpWC7LIP4VCP8qAE5UEY2jPXj6cY9MY1Euaxw1FHnsPt7iKPcwRtgbemeh6k5z7jrxjuelRPIjoE2Fc8rk44yeeRjpnnvx9KiCfu4zHl9xIfyyMIvUj/Z7D/OKYiZkKybvMQ4O75t2Sw5yPUNz3JqLIIxjvcivA5vZMARjg7TziirE8a7lYMD8oBIHXHFFWtj6/DTvRi/JHcOnnXMTBRvWXcGZ+CA3G4k5457dOnSuViMiXdxFO5CMfND7SD/ERtP8AF949yPwNb1tZyWF/JbzzLL5LSBjKMjKhuw7ZHT8qx7q6AtuT5wJwpydxIyeOw5Ofx5qEtDxM0d3GPkVpA5uWuWlJQgMWAL9D97n0I6n0ouJ5UC20NrIFyXLhCgXP0+ufxHYYqGYm4tt6tJHkKAXzjAA/xzj3/OWAFphKsaHyzjJXkN0IzyeMg9exyKpLueTLvISe2Rbh3lkCOx+XfIOuWznrgZHqDXVeG53DTRSJ5gxujldy20ELhDxwOhHPToBjFSeFfB0Ov/bZ7maSKzjYJH5JXMh69SOAAR2/ixnAxXYN4WtNJsNtjb52q/myuF3OCc4OB0HOBwOTxzW3sm43PSy6FRVY1G9Dz+7t1u9Ut7FrpI7mZXiDSbCJn4ZVJ4AztXp1OBinWmmWFx4ruYLezS7sNNVIkR0Clnc/vHfIGWXlcEdvUVZl0iXQ9Yh1ApmBGIaRhtMLkFRgsCOFYN6Fvl68VjWOsahZ+JLyHVICW1E7sxkIT2BU+/HHXpVcto26noQtPEupNdbf5GppkSWXxEtrZLdoUkLzoin5QNkg4/LPtvrGfT31nxNqkTXDhLe+lBAbbgMzc/qB+NQweK5YfEkz2tlamWMJbwSXMZkaMIWBIYEYJ3HPPYVqeD9Xklu7wu0fnTXUt0yrGTu344HPGMfxZ68dKzcWtR040XXcX1bZz+l+VbahbTXW4TQ3aCTay8FZBnPft/nJxrHR4tb0a61+e5uZNVlMksj8tGgTnZ7ArjH0A9jlXcXmarfXMsQSVJXIVBnlSB/IZJ9z0zWvpOtxf8Izd6cWl8+2hkiZVXCFW3YYnuMH659qq1ldCw1Onzzj0uaXhc3q6U1xFIlwrygy2wUvIVBDFEA4P8GQQSobIxnjblhtI5tQgiSeO1WVLuQo6KWkVmeUFl5IXdGoXOAQMHOTXP8AhWaSHQtRufst1dIwVAsIxtK5IYNnI5xkryuAfpqy30Fvp7yRzXUTBXle2dGkjwJT5nJXkqzn5g38IOMAVptG556pck+W/wB5yWsQyX3iGZjM01w0xhcrF5W+QDYpA9Ttz7nj6smij8uOEwskyJtPl7WJKnHYHIz6Y7cel3V9Sk+1yRzSM80jL54WYeWQD8oGAeMZ6k8c85rnrqG5WCMb3G1SGAXGBjrn06gE+2OOByv3jkxFGUKnJKSLqR3Ru/KaDamdzMxO48cAY/2Seme/UUy6YLDtjJ8xjtLlQCBgDoDwOMdcc54pTPcmY7pXjZkVV3N1XOOCOO5Oe/vU2zM003mCR0GFZF2FvmA2kjJ7Y5Y9B6kBJdTJaWZLPEfs8DNyxycnuOKKWWdpFgfqGj3A4xnn0/Kitlsj6fCy/cx9DpndpteleXKF2nLbckrxI3bvXN3SCKVkAU/eIVlA4IyMjnt+XvjNek+KIisLNHbQpMgkdn8lQ7/IVGScZGDj/wCuOfKxNJmRpkZy53rtGMj06VEo2SPLzS/PFW1sTRuzqY41lCgHI69AcgcYxkd/8aihYs+5ImV49wJJJJzznIwOv4D37RwrFNGpjJcyEjdjg9e38vxpEnhdyU8xtz7CSQWJ6YUdwOP84y4rU8ppa6HrnwvIn8NTsInQG6cDf1ICKBnk9uPwrtGUSZQ8hhgisTwPaGz8J2O+NYpJt8pC9CGYkH8RitxjtJx1Ga9CC0sezSVqcbdjnfE7pbaXhQoMsscXI7FhkflmvMPFlpFqV5DCSyXUEZZZF4Ab5Tx3x0/P16ejeOgTobsufMjDTpj+8ikivPdVN1ePDqkcOYggDRAklAQDub659uB9KJJc8W9jPESn7Cap/ErM4KWOSDV3LxIFMjZBPy4z2717F8NPB4S3OtX6I8s6gwjJ4U8ktjg5PGMdj615/rSrHau8g+Yuu08jB9fyzXvHhbaPDGmBWDhbaJdy9GGwYI9j1/GpnTszLB11XtUe5neJdEtruOVSPLaa1aFWi+UoueQCB0yQcHrXglidQtftzNmOOUNDcSFigwvXLbTjgnkcjFfRmtsqCN2YAtlEBPXIz/7LXiOoW0DiW7t4fLuYr2VXlVWzjdgHKg98EE9D0BwAcYxtNo9Ry/dpnYWcKt8PWsrCQyTxFQjdP3jhZcH+7gyYI7cg9DXHaXB/aOpTL/aLpZ2/mOjMxEgQrgso49BuA5IJOCTXVaMsY8I6pGyuTG0cqIXMe0i3hIwSSVw3PPTB61Xh8qyjRIbK1jVnUlrmbczNkMVIIzlSEB5wSFwBniKa1Zy4xJygnpoZniyGSef+04pUEMrTJsYOCxDlSR8oG3GzvyTxnbmuexcSWsEK+V52/wCeMngnOfw6d+OvPPHQ65fyXklvDbJ9lhii8qS13LGolDtu4BxzyMnBPocc8/eR4s3hjlcEYUElvlB+YDHuBnn8McgZ1GuY8epOPtLIdNE1vfxRxooBkw20k46ZI9OnA/2ePSmQzCzVpG3GNnJkymMZOcjJ3AY249etMKXDIixyCQ54wcZOCcNkjBPzfkB1q8LbZaANFGTnmI4JQbs9ACf4sdMe3NZu1rBdJJMWUAJbBdpUxll2kEBTggcfWipro2EOiW9qIZkvVlLPcElcLjhAOeOn5enQraNrI+lwutGNuxp+J/H0euW5iNq0Rx13Zrl4J/8ARFZhI0sjkRncRwOTz9B9fSp7rS4IwuzczMQoLsMDJAyTwB+NV7lll2ooHyZwvbAxx9P/ANVYxhGGiPMx0ryUJdADFxNHCCQU3EgHaepx3Hc/56FtI0UaJJjAyGjBx3HzdPp+X1qPOJF3FghXACAHDemPfj8TTYpt10wzGWKqDg/gB+HFbR3OCVtkeveC765mGjsWZjMXilOMfKiuFyPbaAK76UfOT7VwXw+Krp2mEBR8sowB/tN0rvHOVJwcYJGRiuqjsz2ZaQj6L8jnvEhtVi3XcuyBYZVbAJ+9jHABPQHoPX0rznRppdLsVae3le2mVVZgM+Wfm6j0IGRgZ69c8dt44croMjbiG2vjA6kRuf6VzXnLBpBs5Uz5kQGAMYZeh/U1rKHtE4nmYvHfVKlOadr3v8l/mYmvaJLqtkr6SVuIi/zAMBs9ckn9K9J8J6mLfwvaRyJIbiC3WNopCQxZflGDjGOCc+mPWvKLy5vNMv4p7CYwNNhJCoB3gDuCMV6V4LtrnV7Bbi6RkhkAkLZHzEgZHHI9f8OKyqKpH3dzry+eGrUvawXL5dL+RD4q8SNDYm/FpIwXESBFJG49AWxgZP8ASvL57Nbuyv74MRMGLNCTlfNcoMDnHR25Ht3Ga9/8QaYl/oF7p0UEbGS2dYkboHwSh9sMAc9sV4Jp0KNd2V4swkso7lIxGeNqjMgVvUjZ368UQhZX6nVKo5aLRHrdhoWm6Vplq1r5k0F0kW5pQzNKowF3Lnrt2ggAZI6DOK5/UtN1HTPFRhs4bSHSvsqxReYrum3OSGH9/cAASehHUmq+landHwPpU9zJGz24j8qV3AKxbl3E5GAVGR3wFU9aztZ1e6vy8Yjnkttjea7PuEsZ6MVPABKkAseM9Kxi+Vv1M8Y4qEebcTVTazaXM6ukJiLLEPPZpFd2wzNlwxPyk4I7AnJyK5dTFNGdhV4o9spG3BBxzgjGMnn8aLu4uLsRfaHMvmuSWJ3MnzAF+gKgnAx9B6ExMsTWRh3LGgkDPHGNzA46nOCO/T/9WdRpu541S109h0U7+bH+68xWHDO+cdTnJB565PP44p72oDOu7zHQlcGJTuBHGVAzjGcc9wPeo4vOkORhNp5wvDdeAw+b+6OP14q3JIssDkIQhAy3ZQMAjGAP1OOKxfclaWsTLNGLYbNjgbR8q47H9fX3z3zRVf5prZtmSBJxnsDnp7f54oremk4n0OCqN0IjpLu3uNOgSKTzLp5EDqQFxwxGM9Rnv7DOO9DyImu3XGJAOgI459cc9B/ng6Oh6fDcWLT3UQa4ORz0/D86y7aRVuEDiTGcFx0wOfxqGjzsYp3U5btEzL5eUIQ7Dyin2znB6fl61VEkJdIujLk8ICAepye/P6fq+WcyJtjyrRZLcDnnpS5USPubLlcruPbJzzn9Pp9KcLo4I3W53fhzXGsfDlubV2822kySw27/AJ9zIM+obb/wIV3Nt420K5dYnvPssrKxK3WECgerZ25Oemexrx3wokj3Rjcl5DtwHyeDn/CpfFccVrqiRQ5/eoBtIwVO72OOgFejQppR9T0XiG4RXZWPR/F+oafqGhTQ2l5Bc3BVzH5Em/adpXJ29PvY59TWBdQPOoKrkRpK7E9gDnP6VQmcWKaR5UR82WdElZhwAT8wB6g84/Mc5rTnvjZabNICimZXi3O2AobOfb8yPx6HS3Ldo8PM2q+Io03puch4iwYLcejg/wA69v8AAuw+ErHYOPKQfjtGa8Q19V+yLMpyvy4B4x83X9fevZvhs/meCLDPXD5/77I/pWdXV3O/KElR5V5nSXBImjx6gV856lHNbaPJYEwvI0o2umfvRIwIPoVDBfwBr6NnXdKB6CvHLXwzY6v4/wBTW7u11LS8STWywzN5aEshG1lbqBwfUjnkVm5KMdT14RcpWRxGnahqn9kRWcckhiLgrB2dly/X1w8eK6vUbR53MsjIZ5GaHyIyyuxA3jAAwwGSTkEEqAM7sCDXtNtdP8YadptsI4tJ3K00UjlxuPydTk9AoGTj1wK1rHTUntrd/Jcyq8V5AuwLLwI9pQkgAD5UKN67s9BUWU9jkxacnyt7aHKyafd6XqBtLy3NsyHClVHKEkZB/P2ODWe8nm3r4Xat0o8yRTt2sc/dAH3QeMY7Yre8WwXUetW3m3PntPCV8tgMRsCwwqAZC42jJADcnpwOeCNNaO8RDBd3LrnAz1J+mP054Nc048srHnOPLK3QsFhBapGWfbs2gkYLL1GeOOT7+lanhXTF1ya4tZZnitrVMyCMAOW5IAzkAYHX+WeOfaYxfvrcBQ2Aq8jPYjHtnp/k7PgvWNM029vHv3IV/LaJipJBVs446jJB/wCAn0qYxTepvh6cZT1PQfCum3Nnpoa1Di3uf3+67jVi2fugbG/ugHn+9+AKozeJ5NRkWJb+XToFUyfaLe1dy+T8qMCOCF64yCehoq0kezD3VZLQwNPVYtIduM72HJ7A4/oK5O0k84x4KYywK9Dkcg4x0/xrrLcmDQ1ikGx8O7K3B5Ynp+IrkoZlju4ZAv7wDCxlcZBXjP0P+e9ScePei+ZPA0kzS7I1EkZ4HGTweh+uT0qoo3P9rmUoyrhlXOduOfp/9ao5pppVDSOYZN5BMZxnnjJHXt37Z71JeATXKK5Zdp3bpG+8MDGT65BP5CmlqedytP1NzwjIG8QK4VlMql23DHrn+dWfGVtEmtRTm4WQK8aKqHj5t2e/X5fyNVfDlwia4o3xklWYPuGPfsMD09s1e1KJbieedklcfaEBKqRjAyOvUY3ccHr616FFvkTNoyvEseISpv8AQY1idNsyHg7gcMo3Hptzn35wKvanDDNouyY4G9Svyg87h2PtmsTXZGn8SaJONvkeaix4zj7y56k1vX4/0CEH+8en41va90zwczquniacl0/zOa8Q8aMo28qoyeefmHNdP4c8RX1xpeh2iXL28BQxOsB2bgikA5HOcgZ5rmfE4P8AZTgcDy+v/AhU+jk2XhOx1JGAEdyRz2Uvtb9M1y4ptaI9vh6SlT5pd/8AIv8AjbWb+2vLazTVL4LLG5kQ3T4dSOhHIIwDWj8MHX7POu5Sw4GDk4Jyax/iRbrHfafIHKymFwCPUFf/AIo1Y+Gzomq3So4YAx52HKEnI49RwK4270z3ItRxdin4hCp441EXCSOk0sMaKIQ+GCqQckgDkejA5ORWrrck01vb3thBaiK2hS7MTsFUMXSR1UDBYhkUluPv8ckVF41uLfT/ABl5jAITAs+5Yyx3qHAPHU5VBzx0zxmoII7m1e2tXtZFEkLwfZmbY6hjGMlwCOoVeT6Djmuim7xseVinJVZK3UxNSu2uB58hATb5cSoAqRrgAIoOSB94YB9PXJqxoPtAs4oHaQZ/eqy/LtJ+bdkAH2+hB6Z0/EXnWrW+61it2SHAt4wC0YQDh+4J55xjB4JHXB8037gWzqp8j5l2/MG6bd2PTAyP6muecXd3OLlk27j12C/wYIVjOQMkgEYA4Y9s54/yKNzF5N0sgKD7pIDkk56Ejsevt/M2xcBRKt2iPGpEiYRd5zgZyB/n8MVUeGfUr94tOtpriZYst5as5AHBwBk47ZwP60RTudFFSUro9A0XTdQ1OAPYxtMCDlWYKqkYBwfXleO+faitXwzBqd5otnDpurJYPBG4mLRrKdxkbC+WTxxyScdsZycFZtu57Kk0tDmvEbvg4dBtiboMc/1rmkuStvHIBI/7wAKvBIB/wFbGvziKKTJJJiAAYe9YkDeYWkkGE+4uF4br/wDWprY4cfurj0uWEzwvvYN+8wyZOAucZ5x259u1RyyrdkxNvTjdGFJ6jnr69D26VYWVmnd50xtHyBpBuHXrnt6/4VHEjSrvkdHYMRkcdBkEn8u+cCqTPPcktS/peyG5eQ4eaMDcQuSR1H+farN1eS3V+zqpAWcEtvwBx82BjnIA79unes+KL7NI8wXmTgqG5Yk9P8+vGeMtjWY6gsTMwjdM7QcHP0PTp+lelR1pK3cum9LluebzfEmmRnB2ToBz0Acdv8/rXWapMYrO32gFmk2qpOM9eB71xaSK3imzKryJlZgTjGDn+VdZ4hZhDaqoJ/eDOFzjg9q0crczR4uPpKpi6UZbMyPE0gOjlkwwKHGOc/MKSwuVk+GU4AyI7nZjb6spPH40viaaOeHyYLWT5klOyaQfdAB3BhjPOTjH8I68gUdADaj4OvrBUZQ17Fgj/aIA/lXJiJKTue1k1GVGm4vzsbvxLnze6e2dyIGLLng5xjrx2NRfD1/J154EiKREBiSQcsCpwPUYz9PxrI+IEhk8SxsclEiVdpPB5JyP8fb2p/g6dW8X2EolGWOCo4B+Rs9ugz+lci0iepOf+1p+djb+I98IPEqxAoHNspBdc85fae+Dn6dea5k6nfENc3N3cbmzmYZV/mbkDB6ZQdAMYx7Hf8eNnxI7uVKOF2OemFOcDg+vP4DvXMzSPbLbxSMdrDAcEYU9Pu+oAIyeefYU4ya0RwYpv28kl1Jp5HmjkeBY2dpGMm/IZy55IUYx9729gMnKssTh1xGEA3TLECQjY28Zxzywwen0qu0t39ndpAJHAITkAR/LjPH8WOBmoo3leGVbaJIw7DG0kH5eMdcnk5HfrU6s5eV63ZWvJZRLcxyRooiyJCBxnOAPfnP5n0rsPhhLZ22u393dSARiIxgYL9SpBwFO4nb1BH06VyXlPKG2yGNUXaXCn68EDp8y5zn681u+A4/3upwBlwpQtgY67iMc+3vVKVjvwiTlylqXUbrS9evZrCZoJJJZSkirndGz7h1H0NFU/Gim3v7Vs/I0bAAn0xRWvKnqd97FLUNQS9kJlRwnYBv6msx3LkYJAB4wae20thmz64oJAHcj8K5OY4qtT2jIwrA8bh9KXyyO2CKeBg88/pmnoF7jPrTTMT0X4d+FzBY3WuavaRyW0kP7iGZNxYZyXwRwOOO57cYzY8PW2nr8VGKWca+Zp/meUgBW3myM4GOOAff5u1c6/jvWG0SLSkkSOGGIQhkTDlAMAZ+npzWXpGrXWhXv23T5VjmUFdxUN+GD9K7FWSSSL54qxN44tTpfxBu5BF5MWBPDgYB+T093BFdTcxpqVvBIpRoDhixAPy9eM/h6cZHeuK1fVbvW7xbvUZvPn27d20D5cnAwAB3/AFqnDNJAriCSSLdkNscjd9cULEJXutzz8Vh/bTjOLs4+Vzd8Yalp8tun2WSOa7kjKeZDIHAAI4IzwMEjv09q3PCfh+a0s7VIpUmZJTPO0JDru24VcjI4znr2HrXAsFwSOo6Y6mlWeSJCqysqN1UHAP4VjOrzdDvwc3Q+L3maHjW9/tDVkSKcywwhgB1CMWIYD24X2/Or3w3sVk15LyV1AhyFXPIJGM/rj8/SueI3McH35OMVraRrtzokEsdtFbne24tIhLemMgjj29zWblpY6adZe155mt8SJll1OBUxsRnXcP4jhM/4fhXFrGCDlioxgn1rS1C+n1GYzXDgkncFX7oJABx+QqmcBiDyc8c5qbmVeanUckRgbAwEpAHOBn6U4u/+r819pO7G44+tIoPQHn16YpTt6EH3xzSuYWGvlidxDZPJJ79/8+9WbG+uNPm8y0uGjIOcDo3B6j8TVYksACOMd6QHHrzxii5a02LWt6jdatJDI4iTy9wGxSM5xnPJ9BRVR+uQ2KK1VSSN1Wl1JS2Dngn6UnIGTRRWBgOII57il3fL684FFFUiWSKTg47etPildRIoOFcbWwOoyD/MCiiqEMZsEjPPrikLHGD2FFFIQwnIBJPPBpDx1J46UUUihME4Jx09OtAbA9sYoooKEyCVXscY4ppbGD39cdKKKBAWO7GeO30phJVsHBBoooGIr4UN160MxwAeT60UUDQBiOKKKKBo/9k='),
('214312321', 'Nguyễn Văn Tèo', 3112312, 'Bí Mật', '/9j/4AAQSkZJRgABAgAAAQABAAD/2wBDAAgGBgcGBQgHBwcJCQgKDBQNDAsLDBkSEw8UHRofHh0aHBwgJC4nICIsIxwcKDcpLDAxNDQ0Hyc5PTgyPC4zNDL/2wBDAQkJCQwLDBgNDRgyIRwhMjIyMjIyMjIyMjIyMjIyMjIyMjIyMjIyMjIyMjIyMjIyMjIyMjIyMjIyMjIyMjIyMjL/wAARCACWAJYDASIAAhEBAxEB/8QAHwAAAQUBAQEBAQEAAAAAAAAAAAECAwQFBgcICQoL/8QAtRAAAgEDAwIEAwUFBAQAAAF9AQIDAAQRBRIhMUEGE1FhByJxFDKBkaEII0KxwRVS0fAkM2JyggkKFhcYGRolJicoKSo0NTY3ODk6Q0RFRkdISUpTVFVWV1hZWmNkZWZnaGlqc3R1dnd4eXqDhIWGh4iJipKTlJWWl5iZmqKjpKWmp6ipqrKztLW2t7i5usLDxMXGx8jJytLT1NXW19jZ2uHi4+Tl5ufo6erx8vP09fb3+Pn6/8QAHwEAAwEBAQEBAQEBAQAAAAAAAAECAwQFBgcICQoL/8QAtREAAgECBAQDBAcFBAQAAQJ3AAECAxEEBSExBhJBUQdhcRMiMoEIFEKRobHBCSMzUvAVYnLRChYkNOEl8RcYGRomJygpKjU2Nzg5OkNERUZHSElKU1RVVldYWVpjZGVmZ2hpanN0dXZ3eHl6goOEhYaHiImKkpOUlZaXmJmaoqOkpaanqKmqsrO0tba3uLm6wsPExcbHyMnK0tPU1dbX2Nna4uPk5ebn6Onq8vP09fb3+Pn6/9oADAMBAAIRAxEAPwD2+iiisjkCiiigAooooAKKKKACiiigAooooAKKKKACiiigAooooAKKKKACiiigAooooAKKKKACszXPEGl+HLE3eqXaQR4OxeryHjhF6seR06dTgc1p182fEzWZNV8e6jvP7qyb7JCpAG0J97833H8R6U0rlwjzM7aT44bnlFt4ebZuIieW7wSM8FlCcH2DH6mo1+OEyxFpPDqOcZGy8K/+yGuK8G+D5/GUWpi3vvss9oqFMw+Yrlt2AcEED5ffr7UzxF4F17wlpsd7qs2nvBJKIVFs8hYEqSMhkAxhT3p3jexv7JW2PePC/jTR/Fdqr2U/l3PO+0mZVmXGMnbk5XkfMOOfXiuhr5K0zWLvQ9Tg1SwcJdWxLIxUEcggjnsQSPxr6yhlWeGOVAQrqGAPXB5pNWMJx5dh9FRNOiSFGyuEL5xxioLe5dmjV5EcsMfJ1LdT+AFQ5JAqcmrlyiiiqICiiigAooooAKKKKACiiigAooooAK8A8ReC5brx34gvL+U2ekRXRlkuNhd38wBgqKASxy4H+JGK9/rjY7aWz1GWC9bzl835C44KABlP55/EVnUqOC0OrCwU27nMeBLPTNM1DXLfw9f6kJLS4SG/WdI2G5S4C52dMhwSMfXpVz4i3WlzeH4m8S3N2LD7Six/Z1GVlKvgjAz039cj2rqja2dpFNJa2qRtcSmWXyYwPMkbq746nryaZJY6fqQaG+sormKJxIguIQ6ZwcMNwxkZPI6Z96x9o+bd2O1QXLsjxfW/h8fNDeH5pbu2+0JaTRyj99FI2OfugMmGU7hxgg8jmvo1VVFCIMKowB7VxmqiWVjDYfJM20AqOpyF/lx9B7V2EERht4ombcUQKWx1wMZrWnUcrpnJioKNmUNYIKRKPvsSAPyqS1sSFJnDAE/6vIKnHTPrWPqeu6ZDriQXGpWULQyIjJJcIpBODyCcjr+ldPSjG8m2TOcoUoxXUKKKK2OUKKKKACiiigAooooAKKKKACiiigArP1TTxeW7vEi/aQBsZiQOD/8ArrQrzTxH8Y9L06f7LosB1OTB3T5ZIVIJGAdp3dO2BgjBNJx5lYum5RleJX8St4m/cTaE1uxjBW5t7t5FGQRgqEIOeoIz2GB1qp4fl8XzaotxrLWlrYxqSY7Vpi0z4wA3mMcLznI5yoHQmovCni7U/FPiC/8At3kRXH2eOSCCCElNqs4ZiQSQcbASx+g7VF8SNRuLTREtvPaGe5kUHyQ2PLB+fJHbkAjIPI9a5+WSfs7fM9VSg487/M7+O90nQbIahrt5BaSSEPEJZPn29sIOSep4B/SsC/8AjD4dK3FtajVdzIyx3cNsmFOOGAdgeOuCK8MV50vHmllafzG3McEuzevJJJJ5NdlpfgHxbrIgZNK+x2s7AtcXJVNo65KZ3fkvNdUacYo4Kj55c0jB0fSb/VNb062snQXtxcgq85YjcuW3N1yPlJNfU9cd4P8Ah5YeErlr1bue7v3hMTyOAqAE5O1ByM4HUnp2ya7GiTuYzkm9AooopEBRRRQAUUUUAFFFFABRRRQAUUVQ12C5uvD+pW9kSLuW0lSAhtp8woQvPbnFAHlnxE+IMt5PJoWhTvHFG6NLqFtcDEvykmNSvbkZOeSpGMdfL5l3+Z5EZaKHBeRRkLuwACfqGx+NRbolSHfvFtkeeI1G5VzztzxuxnANe5+NvC+laF8NNQstKtBbw/aI5iN7OS5ZVySxJ6YrTRaHRpGyOO+EMqxeOYFUKwurSaKQEdANrflkfzr0r4r6ZFP8NtTEMSK0ASRNq/7a5/z7V5H8JXlX4laWoPytDOH47eXn+eK938bxNN4F11UOGFjKw+qqW/pTLPn3wY6xfEPR/LPH2pVBHcHj+tfSVfMXg7KeONGcnpewj85FH9a+namZjUCiiioMgooooAKKKKACiiigAooooAKKKKACiiigDhdW+GGhXWrNqtvbyJI5HmWkThIXGMH5QMjsTgjP83eNbgXXw4v4XYKwaGMn0XzFJP4KD+VdxXl/xTg1C88P+RotndTSSXK74rWNnYoA2chQcDp6dfzhtqa1Oml78Gn0OZ+EVsJfHcVyiEJFbzEZP3QcAV7d4mZV8K6uzfdFlOT/AN+2ry74L6HrNlqupXOq2NxZqltHFGk8DRlyzEkjd1wEH5/n2/xJ1q30jwXqO+5hS5lh2wws+Hl+ZQ20dSAG5wOM10FHh/gy0+0eNtKAJ3x3sLEDptBLH9VWvpKvnH4YX4m+J2nRFIysvndycFY3bjIHcV9HVE9zCpuFFFFSZhRRRQAUUUUAFFFFABRRRQAUUUUAFFFFAEN3Abm1khDbSw4Pv1/KuP8AG0l74Z8A6jqGn3Gy9hMXlSBA20GVA3DZByCe3f15rtqxvF2mtq/g/WLCNS0s1pIIlHdwpK/+PAUuVcyZcakorlWx4rbfGDxdaxAmWynI7y23X/vkirV18W/EEyWD6vomgXUcsf2q332znA3MmRlzg5VhXmol8y2DA8Fc/pXr1h4Tn8V/AnSIbJFbUrV5Z7YNgeZ+9kDR7j0BB9QMqueK3ehfMyrF8VjDqVjcLoGm29u0qieaGP8AeKCcMF5Azg8EnHP1Fe02l1DfWcF3buHgnjWWNx/ErDIP5GvkWK53wFT88Tj5lzgHvx6fWvpT4a3tpe+AdMNpK8iwq0UnmY3K4Y5Bx9c/QipmupM9dTrKKKKzMwooooAKKKKACiiigAooooAKKKKACiiigAoBwc+lFFAHyN4jgi0/xPrFjChjht72aKNMYwiuQv6Yr6G+FEgl+GWjEJtG2VfylcE/jjNeU/GzQv7N8ZpqcaAQ6lCHJ/6aphW/TYfxr0H4IXUtz4AeKRyy219LFGD/AAqVR8f99Ox/GtJaxLeqPOvi14Yh8N+Jo7qwtfI07UI94RBiOOUcMqgcAY2tj3OOBXSfAS/zJrunvc9fKuIoCf8AeV3A/wC/YP4V2fxY0M634AvfLgMtzZFbuIL1G3h/r8hfjucV4Z8NtXm0j4gaPLDki5nWzkUfxJKQv6Eq3/AaFrEa1R9U0UUVmZhRRRQAUUUUAFFFFABRRRQAUUUUAFFFFABRRWT4j1e40PR3vbXTLjUpg6otvADk5PJJAJAAz2POB3zQO1zgPjZoF3rFjo09jGZZreaWMx7wuVdQSeSOhjH51q/B3S7zSPBk9vfW7QzPevKFODlSiAEEcH7p6Vw18/j7xddTxzaZcmJpAY0e2MKQJkkAFsd8HcPmO304rvfh/wCGNe0S9vb3Wb97hrqJFKtIz4Kk4+Zjk8Mew696t6KxbSUTvK8D8Z/DO7sfFt7qttcmDSHJvjOEJaFslnVQox8pBI9iByQa98rmPGvhS48UWMMdnqcthPEWUsuSksbgbkYAjIOFPfpjHNTF2Jg0nqYY+L2iwWatdQ3U1z5jRutoqMpK9WBLj5eRg9+cZwa6fwr4lj8VaU+oRWVxaxiUxqJsfPgD5gR1HOPqDXP+H/hVoukhZL7/AImNxtwxmUeX+Cf45NdzFFHDGscSKiKMBUGAB7Cm7dAlboPoooqSQooooAKKKKACiiigAooooAKKKKACiiigAooooAKKKKACiiigAooooAKKKKACiiigD//Z'),
('52255', 'hh', 212121, 'dl', '/9j/4AAQSkZJRgABAgAAAQABAAD/2wBDAAgGBgcGBQgHBwcJCQgKDBQNDAsLDBkSEw8UHRofHh0aHBwgJC4nICIsIxwcKDcpLDAxNDQ0Hyc5PTgyPC4zNDL/2wBDAQkJCQwLDBgNDRgyIRwhMjIyMjIyMjIyMjIyMjIyMjIyMjIyMjIyMjIyMjIyMjIyMjIyMjIyMjIyMjIyMjIyMjL/wAARCACWAJYDASIAAhEBAxEB/8QAHwAAAQUBAQEBAQEAAAAAAAAAAAECAwQFBgcICQoL/8QAtRAAAgEDAwIEAwUFBAQAAAF9AQIDAAQRBRIhMUEGE1FhByJxFDKBkaEII0KxwRVS0fAkM2JyggkKFhcYGRolJicoKSo0NTY3ODk6Q0RFRkdISUpTVFVWV1hZWmNkZWZnaGlqc3R1dnd4eXqDhIWGh4iJipKTlJWWl5iZmqKjpKWmp6ipqrKztLW2t7i5usLDxMXGx8jJytLT1NXW19jZ2uHi4+Tl5ufo6erx8vP09fb3+Pn6/8QAHwEAAwEBAQEBAQEBAQAAAAAAAAECAwQFBgcICQoL/8QAtREAAgECBAQDBAcFBAQAAQJ3AAECAxEEBSExBhJBUQdhcRMiMoEIFEKRobHBCSMzUvAVYnLRChYkNOEl8RcYGRomJygpKjU2Nzg5OkNERUZHSElKU1RVVldYWVpjZGVmZ2hpanN0dXZ3eHl6goOEhYaHiImKkpOUlZaXmJmaoqOkpaanqKmqsrO0tba3uLm6wsPExcbHyMnK0tPU1dbX2Nna4uPk5ebn6Onq8vP09fb3+Pn6/9oADAMBAAIRAxEAPwDkYWWRwiht2c8jFdHfK76rcF5ZY9s22RxtDbQckglgM9O/v3rnLZT9tQErk5HoOnvXRTTs81yJfMZjnPyqemc47/e/D2PUeZN2ehWcSaUPn+hGnyeU5IKhwVRCDuOOfToWUH/69NUoWDTiSVgMg4IPoVwcN9Tzx2NMeCVoyrY+Zd3Awc56bwOhx0/L0qKKGaH93LFL86l5GkQYHfGM49fTOPyS7nhb63HY8uTaQoWMg/MMbMY53A9fpxyKcm26mhEITcE3syyFgAE+Ykc8ADGOTwOD3jmR4g5eAx4wwZVAbrgZ7dMjHGMZwe8+kxGHUoZAyokc3mqXdUCY5JySo42k4yPrVxY4NN6s3pLO5e1trd3gjiyIbkBlLxvEWwOT7MARyVQdBxWpc6vd2lwsdlaoS8KyRz+btjcHzDkjAUY+Yk5+bKt7CxNFBKNT2WdqHExlidly0rct8yuBypBADH2+Xg1my6w6wql8txBaIkiS7LhWMk2wo6uBhsbvMAIbGdvTjG+t9z1YtU7c3Uxru2vr2Bo7m8tkt3O+Zz+88iSRyVjYk887QeOMA5wvKzS2MWjNbT3dvNbwKjq9qD5rTZb90M7vlXBJPIy3GKlur3R7O1gSIpLbSH7THG1uZoBISVLsGZX4YyDkN/BjkAHkWK+bsuIo9seUYD5DuAwBwR9P/r1Mn3OKrUXNpqdlo9pbyaf9jtbtnTzY3kWNiWkkJjDMGIXaoZxg7Q+Uzk9K2Y47dLu4u7oSeWriVroqTDGJGQgZ43HATkDCgnJPJPA+dcGKMmVUeMiSIsNrgIpIOQ2BjqOcjPXABrppfEz6/Y3EN151t5S79iJvedCfRSoBUAMw3YwWOMAYqMk0VTrKUXobT2V3cWV5NdS28ZeSOQTWsWDCVUHcQ2DtC7upzySBnAqtqttNdG3uSPLVIeZ95DqcMVjIJyMNw3OSccg8VFBq97b2jwXNzCYIJQiLIS25CwyfM3EABXyMEkAc7QK0UvXv2ht55fKumIl2wEZEqFmOWYYA+UEA8HaOQCSaW1mdE5QmrbHHain2aXUIFmkfyXZFBQ7gd2ec8diPzxjiqP2m5yXUuysMlxkDjt6noCT/APXrR8RTu+t3KvNHKgfZ50ThVfBDDO0Y3evTkH0FZrQMI4mSNmcNlCyjnpkc9uD+PXFYSaTPMk0p2JRqV2Qnl3b7F4RpFPfjB6ZOenX9BS3upXNzbPDNOrhzyke7gEj5cZ5wfzJ7cVRmLRxSlJ4A/l4Dkc5Bwfx4HqefXJpAitGiliZQcNu529+T9Px/Gofc0jKa1TMWZfLldMfdYjrRUlzue5kYLgbiBjn9e9FaH1kJXimaVtAZbxwAQ20gfXpWtcWolmkZg8kgleMLhmG05xyfmyeOgBwfrU9hpzx6zCxQpi5VWU8bfmUjvnkZ/LvSXV+8tsA8oVUdjsKZYbipPJGTnrg/XtWcn1PLzWVlH5/oVWaKSc+VHszg4Z3yCTjkcMOck444HIB5piUxIsbBohgyADON3OCQevQc47nr2JPORkg3FVG0klT936kkHjpyR/QmiijnY8uztsBKnByCuSR1A7kHqaSWh4Vla76i3F1cLObfyTHhCWUOBkkHuT83b8vY1oWEzzakqRYjYsvkuDhRIpyrFgCeoA7Y9Rg1XN0llcJNEXS52/uo2RXjk5zuIY4GAcA4I9AAKu6hpsGrXdnH9ols7O1t3+0CPJdAJH2r90HIyQc5xj0OW0ilozehRdWUVFHWJYHTLm6vBe3Zh2yu1vcjBmcKwYhwVH8JIJ5xg8Dk814pZpNRt5pZ7eaRlB8qOUFUwFOSr5O088nGSD061Elzc+H9Qj0w6jJe2DIXi3k+ZakjZk45H3wRwe4A55qahuHmKZ2bTLGZoYmIQoG3DO0gjc3zbvUjvwSNpWex1YlNfun0G2Om6nq0d0+l2qyyR+WXDqEZdxZsjL4Jxg45GcHg1HeWt/pU8gvLYx3EgyqoNxeTGN+QMDOTjjsR05rY0MW0Xj61htbgXMCvKkc55B/duSE5PA6ZHUYrE1xwPEWqSOsZC3EkY+b5i4c4ycZ5C8duKwatKxyyopU79b2ISrxyRtGEeJQsakcl+vbuBnIHOM4+jrZxp8JaFo1kVd68lW3dxuzjrnHPBI75xPo+npeXNnYSak9mGbbHcLHvPmMeB2KDseeSBwBzWlrWhWui332W31bzLwOXkjMLKIsqCrKCTk85yM/dI4oTSdiPZ+659EGn6lIpg0m42GxkYw+ZbyruiUsq5xjoSGJBBDAjj5Qa6O4XVHmMmnxhjNJ9nC58t3DIGUncpIxGo54IKkZzxVXTLWwGg2mrSrGRYGRjLG5AcoWPzcjDFgBzuJB7Zq3pWo29zZw3jRW9xJIyAloiiRl9xfcTnexIIAGcEqABya3UL2uddNtQt3Oa8TX1t/azpHMJ2dGd2jUZLbjlWXooHTqeBn+KspJEiuUCpJEhORlsp068DrnIyOeB14ra8VWJfUvt26cS3T5RZhlsbVznsMnjAIwMDjpWC7LIP4VCP8qAE5UEY2jPXj6cY9MY1Euaxw1FHnsPt7iKPcwRtgbemeh6k5z7jrxjuelRPIjoE2Fc8rk44yeeRjpnnvx9KiCfu4zHl9xIfyyMIvUj/Z7D/OKYiZkKybvMQ4O75t2Sw5yPUNz3JqLIIxjvcivA5vZMARjg7TziirE8a7lYMD8oBIHXHFFWtj6/DTvRi/JHcOnnXMTBRvWXcGZ+CA3G4k5457dOnSuViMiXdxFO5CMfND7SD/ERtP8AF949yPwNb1tZyWF/JbzzLL5LSBjKMjKhuw7ZHT8qx7q6AtuT5wJwpydxIyeOw5Ofx5qEtDxM0d3GPkVpA5uWuWlJQgMWAL9D97n0I6n0ouJ5UC20NrIFyXLhCgXP0+ufxHYYqGYm4tt6tJHkKAXzjAA/xzj3/OWAFphKsaHyzjJXkN0IzyeMg9exyKpLueTLvISe2Rbh3lkCOx+XfIOuWznrgZHqDXVeG53DTRSJ5gxujldy20ELhDxwOhHPToBjFSeFfB0Ov/bZ7maSKzjYJH5JXMh69SOAAR2/ixnAxXYN4WtNJsNtjb52q/myuF3OCc4OB0HOBwOTxzW3sm43PSy6FRVY1G9Dz+7t1u9Ut7FrpI7mZXiDSbCJn4ZVJ4AztXp1OBinWmmWFx4ruYLezS7sNNVIkR0Clnc/vHfIGWXlcEdvUVZl0iXQ9Yh1ApmBGIaRhtMLkFRgsCOFYN6Fvl68VjWOsahZ+JLyHVICW1E7sxkIT2BU+/HHXpVcto26noQtPEupNdbf5GppkSWXxEtrZLdoUkLzoin5QNkg4/LPtvrGfT31nxNqkTXDhLe+lBAbbgMzc/qB+NQweK5YfEkz2tlamWMJbwSXMZkaMIWBIYEYJ3HPPYVqeD9Xklu7wu0fnTXUt0yrGTu344HPGMfxZ68dKzcWtR040XXcX1bZz+l+VbahbTXW4TQ3aCTay8FZBnPft/nJxrHR4tb0a61+e5uZNVlMksj8tGgTnZ7ArjH0A9jlXcXmarfXMsQSVJXIVBnlSB/IZJ9z0zWvpOtxf8Izd6cWl8+2hkiZVXCFW3YYnuMH659qq1ldCw1Onzzj0uaXhc3q6U1xFIlwrygy2wUvIVBDFEA4P8GQQSobIxnjblhtI5tQgiSeO1WVLuQo6KWkVmeUFl5IXdGoXOAQMHOTXP8AhWaSHQtRufst1dIwVAsIxtK5IYNnI5xkryuAfpqy30Fvp7yRzXUTBXle2dGkjwJT5nJXkqzn5g38IOMAVptG556pck+W/wB5yWsQyX3iGZjM01w0xhcrF5W+QDYpA9Ttz7nj6smij8uOEwskyJtPl7WJKnHYHIz6Y7cel3V9Sk+1yRzSM80jL54WYeWQD8oGAeMZ6k8c85rnrqG5WCMb3G1SGAXGBjrn06gE+2OOByv3jkxFGUKnJKSLqR3Ru/KaDamdzMxO48cAY/2Seme/UUy6YLDtjJ8xjtLlQCBgDoDwOMdcc54pTPcmY7pXjZkVV3N1XOOCOO5Oe/vU2zM003mCR0GFZF2FvmA2kjJ7Y5Y9B6kBJdTJaWZLPEfs8DNyxycnuOKKWWdpFgfqGj3A4xnn0/Kitlsj6fCy/cx9DpndpteleXKF2nLbckrxI3bvXN3SCKVkAU/eIVlA4IyMjnt+XvjNek+KIisLNHbQpMgkdn8lQ7/IVGScZGDj/wCuOfKxNJmRpkZy53rtGMj06VEo2SPLzS/PFW1sTRuzqY41lCgHI69AcgcYxkd/8aihYs+5ImV49wJJJJzznIwOv4D37RwrFNGpjJcyEjdjg9e38vxpEnhdyU8xtz7CSQWJ6YUdwOP84y4rU8ppa6HrnwvIn8NTsInQG6cDf1ICKBnk9uPwrtGUSZQ8hhgisTwPaGz8J2O+NYpJt8pC9CGYkH8RitxjtJx1Ga9CC0sezSVqcbdjnfE7pbaXhQoMsscXI7FhkflmvMPFlpFqV5DCSyXUEZZZF4Ab5Tx3x0/P16ejeOgTobsufMjDTpj+8ikivPdVN1ePDqkcOYggDRAklAQDub659uB9KJJc8W9jPESn7Cap/ErM4KWOSDV3LxIFMjZBPy4z2717F8NPB4S3OtX6I8s6gwjJ4U8ktjg5PGMdj615/rSrHau8g+Yuu08jB9fyzXvHhbaPDGmBWDhbaJdy9GGwYI9j1/GpnTszLB11XtUe5neJdEtruOVSPLaa1aFWi+UoueQCB0yQcHrXglidQtftzNmOOUNDcSFigwvXLbTjgnkcjFfRmtsqCN2YAtlEBPXIz/7LXiOoW0DiW7t4fLuYr2VXlVWzjdgHKg98EE9D0BwAcYxtNo9Ry/dpnYWcKt8PWsrCQyTxFQjdP3jhZcH+7gyYI7cg9DXHaXB/aOpTL/aLpZ2/mOjMxEgQrgso49BuA5IJOCTXVaMsY8I6pGyuTG0cqIXMe0i3hIwSSVw3PPTB61Xh8qyjRIbK1jVnUlrmbczNkMVIIzlSEB5wSFwBniKa1Zy4xJygnpoZniyGSef+04pUEMrTJsYOCxDlSR8oG3GzvyTxnbmuexcSWsEK+V52/wCeMngnOfw6d+OvPPHQ65fyXklvDbJ9lhii8qS13LGolDtu4BxzyMnBPocc8/eR4s3hjlcEYUElvlB+YDHuBnn8McgZ1GuY8epOPtLIdNE1vfxRxooBkw20k46ZI9OnA/2ePSmQzCzVpG3GNnJkymMZOcjJ3AY249etMKXDIixyCQ54wcZOCcNkjBPzfkB1q8LbZaANFGTnmI4JQbs9ACf4sdMe3NZu1rBdJJMWUAJbBdpUxll2kEBTggcfWipro2EOiW9qIZkvVlLPcElcLjhAOeOn5enQraNrI+lwutGNuxp+J/H0euW5iNq0Rx13Zrl4J/8ARFZhI0sjkRncRwOTz9B9fSp7rS4IwuzczMQoLsMDJAyTwB+NV7lll2ooHyZwvbAxx9P/ANVYxhGGiPMx0ryUJdADFxNHCCQU3EgHaepx3Hc/56FtI0UaJJjAyGjBx3HzdPp+X1qPOJF3FghXACAHDemPfj8TTYpt10wzGWKqDg/gB+HFbR3OCVtkeveC765mGjsWZjMXilOMfKiuFyPbaAK76UfOT7VwXw+Krp2mEBR8sowB/tN0rvHOVJwcYJGRiuqjsz2ZaQj6L8jnvEhtVi3XcuyBYZVbAJ+9jHABPQHoPX0rznRppdLsVae3le2mVVZgM+Wfm6j0IGRgZ69c8dt44croMjbiG2vjA6kRuf6VzXnLBpBs5Uz5kQGAMYZeh/U1rKHtE4nmYvHfVKlOadr3v8l/mYmvaJLqtkr6SVuIi/zAMBs9ckn9K9J8J6mLfwvaRyJIbiC3WNopCQxZflGDjGOCc+mPWvKLy5vNMv4p7CYwNNhJCoB3gDuCMV6V4LtrnV7Bbi6RkhkAkLZHzEgZHHI9f8OKyqKpH3dzry+eGrUvawXL5dL+RD4q8SNDYm/FpIwXESBFJG49AWxgZP8ASvL57Nbuyv74MRMGLNCTlfNcoMDnHR25Ht3Ga9/8QaYl/oF7p0UEbGS2dYkboHwSh9sMAc9sV4Jp0KNd2V4swkso7lIxGeNqjMgVvUjZ368UQhZX6nVKo5aLRHrdhoWm6Vplq1r5k0F0kW5pQzNKowF3Lnrt2ggAZI6DOK5/UtN1HTPFRhs4bSHSvsqxReYrum3OSGH9/cAASehHUmq+landHwPpU9zJGz24j8qV3AKxbl3E5GAVGR3wFU9aztZ1e6vy8Yjnkttjea7PuEsZ6MVPABKkAseM9Kxi+Vv1M8Y4qEebcTVTazaXM6ukJiLLEPPZpFd2wzNlwxPyk4I7AnJyK5dTFNGdhV4o9spG3BBxzgjGMnn8aLu4uLsRfaHMvmuSWJ3MnzAF+gKgnAx9B6ExMsTWRh3LGgkDPHGNzA46nOCO/T/9WdRpu541S109h0U7+bH+68xWHDO+cdTnJB565PP44p72oDOu7zHQlcGJTuBHGVAzjGcc9wPeo4vOkORhNp5wvDdeAw+b+6OP14q3JIssDkIQhAy3ZQMAjGAP1OOKxfclaWsTLNGLYbNjgbR8q47H9fX3z3zRVf5prZtmSBJxnsDnp7f54oremk4n0OCqN0IjpLu3uNOgSKTzLp5EDqQFxwxGM9Rnv7DOO9DyImu3XGJAOgI459cc9B/ng6Oh6fDcWLT3UQa4ORz0/D86y7aRVuEDiTGcFx0wOfxqGjzsYp3U5btEzL5eUIQ7Dyin2znB6fl61VEkJdIujLk8ICAepye/P6fq+WcyJtjyrRZLcDnnpS5USPubLlcruPbJzzn9Pp9KcLo4I3W53fhzXGsfDlubV2822kySw27/AJ9zIM+obb/wIV3Nt420K5dYnvPssrKxK3WECgerZ25Oemexrx3wokj3Rjcl5DtwHyeDn/CpfFccVrqiRQ5/eoBtIwVO72OOgFejQppR9T0XiG4RXZWPR/F+oafqGhTQ2l5Bc3BVzH5Em/adpXJ29PvY59TWBdQPOoKrkRpK7E9gDnP6VQmcWKaR5UR82WdElZhwAT8wB6g84/Mc5rTnvjZabNICimZXi3O2AobOfb8yPx6HS3Ldo8PM2q+Io03puch4iwYLcejg/wA69v8AAuw+ErHYOPKQfjtGa8Q19V+yLMpyvy4B4x83X9fevZvhs/meCLDPXD5/77I/pWdXV3O/KElR5V5nSXBImjx6gV856lHNbaPJYEwvI0o2umfvRIwIPoVDBfwBr6NnXdKB6CvHLXwzY6v4/wBTW7u11LS8STWywzN5aEshG1lbqBwfUjnkVm5KMdT14RcpWRxGnahqn9kRWcckhiLgrB2dly/X1w8eK6vUbR53MsjIZ5GaHyIyyuxA3jAAwwGSTkEEqAM7sCDXtNtdP8YadptsI4tJ3K00UjlxuPydTk9AoGTj1wK1rHTUntrd/Jcyq8V5AuwLLwI9pQkgAD5UKN67s9BUWU9jkxacnyt7aHKyafd6XqBtLy3NsyHClVHKEkZB/P2ODWe8nm3r4Xat0o8yRTt2sc/dAH3QeMY7Yre8WwXUetW3m3PntPCV8tgMRsCwwqAZC42jJADcnpwOeCNNaO8RDBd3LrnAz1J+mP054Nc048srHnOPLK3QsFhBapGWfbs2gkYLL1GeOOT7+lanhXTF1ya4tZZnitrVMyCMAOW5IAzkAYHX+WeOfaYxfvrcBQ2Aq8jPYjHtnp/k7PgvWNM029vHv3IV/LaJipJBVs446jJB/wCAn0qYxTepvh6cZT1PQfCum3Nnpoa1Di3uf3+67jVi2fugbG/ugHn+9+AKozeJ5NRkWJb+XToFUyfaLe1dy+T8qMCOCF64yCehoq0kezD3VZLQwNPVYtIduM72HJ7A4/oK5O0k84x4KYywK9Dkcg4x0/xrrLcmDQ1ikGx8O7K3B5Ynp+IrkoZlju4ZAv7wDCxlcZBXjP0P+e9ScePei+ZPA0kzS7I1EkZ4HGTweh+uT0qoo3P9rmUoyrhlXOduOfp/9ao5pppVDSOYZN5BMZxnnjJHXt37Z71JeATXKK5Zdp3bpG+8MDGT65BP5CmlqedytP1NzwjIG8QK4VlMql23DHrn+dWfGVtEmtRTm4WQK8aKqHj5t2e/X5fyNVfDlwia4o3xklWYPuGPfsMD09s1e1KJbieedklcfaEBKqRjAyOvUY3ccHr616FFvkTNoyvEseISpv8AQY1idNsyHg7gcMo3Hptzn35wKvanDDNouyY4G9Svyg87h2PtmsTXZGn8SaJONvkeaix4zj7y56k1vX4/0CEH+8en41va90zwczquniacl0/zOa8Q8aMo28qoyeefmHNdP4c8RX1xpeh2iXL28BQxOsB2bgikA5HOcgZ5rmfE4P8AZTgcDy+v/AhU+jk2XhOx1JGAEdyRz2Uvtb9M1y4ptaI9vh6SlT5pd/8AIv8AjbWb+2vLazTVL4LLG5kQ3T4dSOhHIIwDWj8MHX7POu5Sw4GDk4Jyax/iRbrHfafIHKymFwCPUFf/AIo1Y+Gzomq3So4YAx52HKEnI49RwK4270z3ItRxdin4hCp441EXCSOk0sMaKIQ+GCqQckgDkejA5ORWrrck01vb3thBaiK2hS7MTsFUMXSR1UDBYhkUluPv8ckVF41uLfT/ABl5jAITAs+5Yyx3qHAPHU5VBzx0zxmoII7m1e2tXtZFEkLwfZmbY6hjGMlwCOoVeT6Djmuim7xseVinJVZK3UxNSu2uB58hATb5cSoAqRrgAIoOSB94YB9PXJqxoPtAs4oHaQZ/eqy/LtJ+bdkAH2+hB6Z0/EXnWrW+61it2SHAt4wC0YQDh+4J55xjB4JHXB8037gWzqp8j5l2/MG6bd2PTAyP6muecXd3OLlk27j12C/wYIVjOQMkgEYA4Y9s54/yKNzF5N0sgKD7pIDkk56Ejsevt/M2xcBRKt2iPGpEiYRd5zgZyB/n8MVUeGfUr94tOtpriZYst5as5AHBwBk47ZwP60RTudFFSUro9A0XTdQ1OAPYxtMCDlWYKqkYBwfXleO+faitXwzBqd5otnDpurJYPBG4mLRrKdxkbC+WTxxyScdsZycFZtu57Kk0tDmvEbvg4dBtiboMc/1rmkuStvHIBI/7wAKvBIB/wFbGvziKKTJJJiAAYe9YkDeYWkkGE+4uF4br/wDWprY4cfurj0uWEzwvvYN+8wyZOAucZ5x259u1RyyrdkxNvTjdGFJ6jnr69D26VYWVmnd50xtHyBpBuHXrnt6/4VHEjSrvkdHYMRkcdBkEn8u+cCqTPPcktS/peyG5eQ4eaMDcQuSR1H+farN1eS3V+zqpAWcEtvwBx82BjnIA79unes+KL7NI8wXmTgqG5Yk9P8+vGeMtjWY6gsTMwjdM7QcHP0PTp+lelR1pK3cum9LluebzfEmmRnB2ToBz0Acdv8/rXWapMYrO32gFmk2qpOM9eB71xaSK3imzKryJlZgTjGDn+VdZ4hZhDaqoJ/eDOFzjg9q0crczR4uPpKpi6UZbMyPE0gOjlkwwKHGOc/MKSwuVk+GU4AyI7nZjb6spPH40viaaOeHyYLWT5klOyaQfdAB3BhjPOTjH8I68gUdADaj4OvrBUZQ17Fgj/aIA/lXJiJKTue1k1GVGm4vzsbvxLnze6e2dyIGLLng5xjrx2NRfD1/J154EiKREBiSQcsCpwPUYz9PxrI+IEhk8SxsclEiVdpPB5JyP8fb2p/g6dW8X2EolGWOCo4B+Rs9ugz+lci0iepOf+1p+djb+I98IPEqxAoHNspBdc85fae+Dn6dea5k6nfENc3N3cbmzmYZV/mbkDB6ZQdAMYx7Hf8eNnxI7uVKOF2OemFOcDg+vP4DvXMzSPbLbxSMdrDAcEYU9Pu+oAIyeefYU4ya0RwYpv28kl1Jp5HmjkeBY2dpGMm/IZy55IUYx9729gMnKssTh1xGEA3TLECQjY28Zxzywwen0qu0t39ndpAJHAITkAR/LjPH8WOBmoo3leGVbaJIw7DG0kH5eMdcnk5HfrU6s5eV63ZWvJZRLcxyRooiyJCBxnOAPfnP5n0rsPhhLZ22u393dSARiIxgYL9SpBwFO4nb1BH06VyXlPKG2yGNUXaXCn68EDp8y5zn681u+A4/3upwBlwpQtgY67iMc+3vVKVjvwiTlylqXUbrS9evZrCZoJJJZSkirndGz7h1H0NFU/Gim3v7Vs/I0bAAn0xRWvKnqd97FLUNQS9kJlRwnYBv6msx3LkYJAB4wae20thmz64oJAHcj8K5OY4qtT2jIwrA8bh9KXyyO2CKeBg88/pmnoF7jPrTTMT0X4d+FzBY3WuavaRyW0kP7iGZNxYZyXwRwOOO57cYzY8PW2nr8VGKWca+Zp/meUgBW3myM4GOOAff5u1c6/jvWG0SLSkkSOGGIQhkTDlAMAZ+npzWXpGrXWhXv23T5VjmUFdxUN+GD9K7FWSSSL54qxN44tTpfxBu5BF5MWBPDgYB+T093BFdTcxpqVvBIpRoDhixAPy9eM/h6cZHeuK1fVbvW7xbvUZvPn27d20D5cnAwAB3/AFqnDNJAriCSSLdkNscjd9cULEJXutzz8Vh/bTjOLs4+Vzd8Yalp8tun2WSOa7kjKeZDIHAAI4IzwMEjv09q3PCfh+a0s7VIpUmZJTPO0JDru24VcjI4znr2HrXAsFwSOo6Y6mlWeSJCqysqN1UHAP4VjOrzdDvwc3Q+L3maHjW9/tDVkSKcywwhgB1CMWIYD24X2/Or3w3sVk15LyV1AhyFXPIJGM/rj8/SueI3McH35OMVraRrtzokEsdtFbne24tIhLemMgjj29zWblpY6adZe155mt8SJll1OBUxsRnXcP4jhM/4fhXFrGCDlioxgn1rS1C+n1GYzXDgkncFX7oJABx+QqmcBiDyc8c5qbmVeanUckRgbAwEpAHOBn6U4u/+r819pO7G44+tIoPQHn16YpTt6EH3xzSuYWGvlidxDZPJJ79/8+9WbG+uNPm8y0uGjIOcDo3B6j8TVYksACOMd6QHHrzxii5a02LWt6jdatJDI4iTy9wGxSM5xnPJ9BRVR+uQ2KK1VSSN1Wl1JS2Dngn6UnIGTRRWBgOII57il3fL684FFFUiWSKTg47etPildRIoOFcbWwOoyD/MCiiqEMZsEjPPrikLHGD2FFFIQwnIBJPPBpDx1J46UUUihME4Jx09OtAbA9sYoooKEyCVXscY4ppbGD39cdKKKBAWO7GeO30phJVsHBBoooGIr4UN160MxwAeT60UUDQBiOKKKKBo/9k='),
('654323432', 'Nguyễn Anh Triết', 42341031, 'Đà Nẵng', '/9j/4AAQSkZJRgABAgAAAQABAAD/2wBDAAgGBgcGBQgHBwcJCQgKDBQNDAsLDBkSEw8UHRofHh0aHBwgJC4nICIsIxwcKDcpLDAxNDQ0Hyc5PTgyPC4zNDL/2wBDAQkJCQwLDBgNDRgyIRwhMjIyMjIyMjIyMjIyMjIyMjIyMjIyMjIyMjIyMjIyMjIyMjIyMjIyMjIyMjIyMjIyMjL/wAARCACWAJYDASIAAhEBAxEB/8QAHwAAAQUBAQEBAQEAAAAAAAAAAAECAwQFBgcICQoL/8QAtRAAAgEDAwIEAwUFBAQAAAF9AQIDAAQRBRIhMUEGE1FhByJxFDKBkaEII0KxwRVS0fAkM2JyggkKFhcYGRolJicoKSo0NTY3ODk6Q0RFRkdISUpTVFVWV1hZWmNkZWZnaGlqc3R1dnd4eXqDhIWGh4iJipKTlJWWl5iZmqKjpKWmp6ipqrKztLW2t7i5usLDxMXGx8jJytLT1NXW19jZ2uHi4+Tl5ufo6erx8vP09fb3+Pn6/8QAHwEAAwEBAQEBAQEBAQAAAAAAAAECAwQFBgcICQoL/8QAtREAAgECBAQDBAcFBAQAAQJ3AAECAxEEBSExBhJBUQdhcRMiMoEIFEKRobHBCSMzUvAVYnLRChYkNOEl8RcYGRomJygpKjU2Nzg5OkNERUZHSElKU1RVVldYWVpjZGVmZ2hpanN0dXZ3eHl6goOEhYaHiImKkpOUlZaXmJmaoqOkpaanqKmqsrO0tba3uLm6wsPExcbHyMnK0tPU1dbX2Nna4uPk5ebn6Onq8vP09fb3+Pn6/9oADAMBAAIRAxEAPwD5/ooooAKKKKACiiigAooooAKKKKACiiigAooooAKKKKACiiigAooooAKKKKACiiigAooooAKKKKACiiigAooooAKKKKACiiigAooooAKKKKACiiigAooooAKKKKACiiigAooooAKKKKACiiigAooooAKKKKACiiigAooooAKKKKACiiigAooooAKKKKACiiigAooooAKKKKACiiigAooooAKKKKACiiigAooooAKKKKACiiigAooooAKKKKACiiigAooooAKKKKACiiigAooooAKKKKACiiigAooooAKKKKACiiigAooooAKKKKACiiigAooooAKKKKACiiigAooooAKKKKACiiigAooooAKKKKACiiigAooooAKKKKACiiigAooooAKKKKACiiigAooooAKKKKACiiigAooooAKKKKACiiigAooooAKKKKACiiigAooooAKKKKACiiigAooooAKKKKACiiigAooooAKKKKACiiigAooooAKKKKACiiigAooooAKKKKACiiigAooooA//2Q==');

--
-- Chỉ mục cho các bảng đã đổ
--

--
-- Chỉ mục cho bảng `atm`
--
ALTER TABLE `atm`
  ADD PRIMARY KEY (`id`);

--
-- Chỉ mục cho bảng `card`
--
ALTER TABLE `card`
  ADD PRIMARY KEY (`id`),
  ADD KEY `fk_user_cmnd` (`user_cmnd`);

--
-- Chỉ mục cho bảng `transaction`
--
ALTER TABLE `transaction`
  ADD PRIMARY KEY (`id`),
  ADD KEY `fk_card_id` (`card_id`);

--
-- Chỉ mục cho bảng `user`
--
ALTER TABLE `user`
  ADD PRIMARY KEY (`cmnd`);

--
-- AUTO_INCREMENT cho các bảng đã đổ
--

--
-- AUTO_INCREMENT cho bảng `atm`
--
ALTER TABLE `atm`
  MODIFY `id` int(11) NOT NULL AUTO_INCREMENT, AUTO_INCREMENT=2;

--
-- AUTO_INCREMENT cho bảng `card`
--
ALTER TABLE `card`
  MODIFY `id` bigint(15) NOT NULL AUTO_INCREMENT, AUTO_INCREMENT=10000000000016;

--
-- AUTO_INCREMENT cho bảng `transaction`
--
ALTER TABLE `transaction`
  MODIFY `id` int(11) NOT NULL AUTO_INCREMENT, AUTO_INCREMENT=40;

--
-- Các ràng buộc cho các bảng đã đổ
--

--
-- Các ràng buộc cho bảng `card`
--
ALTER TABLE `card`
  ADD CONSTRAINT `fk_user_cmnd` FOREIGN KEY (`user_cmnd`) REFERENCES `user` (`cmnd`) ON DELETE CASCADE ON UPDATE CASCADE;

--
-- Các ràng buộc cho bảng `transaction`
--
ALTER TABLE `transaction`
  ADD CONSTRAINT `fk_card_id` FOREIGN KEY (`card_id`) REFERENCES `card` (`id`) ON DELETE CASCADE ON UPDATE CASCADE;
COMMIT;

/*!40101 SET CHARACTER_SET_CLIENT=@OLD_CHARACTER_SET_CLIENT */;
/*!40101 SET CHARACTER_SET_RESULTS=@OLD_CHARACTER_SET_RESULTS */;
/*!40101 SET COLLATION_CONNECTION=@OLD_COLLATION_CONNECTION */;
